-1.7760129193942666,-1.3256184967175986,0.1901496939814763,0.004044278254478009,0.6768934095064335,0.06399426361982573,0.7332828173385166
-1.7760129193942666,-1.3256184967175986,0.1901496939814763,0.004044278254478009,0.6768934095064335,0.06399426361982573,0.7332828173385166
-1.6652544575942794,-1.2865831561235355,0.20626596601876945,0.028344828268207306,0.7430053876455168,-0.08060483824863411,0.663809027274481
-1.5514842507993776,-1.2492426217240735,0.22742411252877337,0.01146429150041963,0.7359203294207753,-0.06615604537834684,0.6737308189666767
-1.4244641938714122,-1.2004740307915012,0.27769399283788676,-0.031273026506119614,0.7090938670843081,0.054200713652613225,0.7023319500892129
-1.346883016062152,-1.1666784114095456,0.2937507501248722,-0.04760734570106208,0.7486276342287226,0.1644136743272713,0.6405141291170803
-1.1927321968859732,-1.104729847306166,0.29282025230636477,-0.07595112960547315,0.7187808422172242,0.2545091648403054,0.6425033943765907
-1.0746348403504933,-1.0557728668457163,0.28890131562374066,-0.110752064658604,0.6504082295435664,0.2853093394290691,0.6951990333353522
-0.8846733266320645,-1.0007142574007188,0.3008835821162773,-0.12839683360565676,0.5048205251578591,0.22969718235298378,0.8221372725515397
-0.6635930151278012,-0.9952005555905332,0.25113668015921775,-0.1284152648311207,0.5821033401926411,0.026670617933234334,0.8024673820374152
-0.5112040447372548,-1.0265985227444676,0.19406236256914,-0.09184980577063713,0.6328953126683593,-0.15531057758664712,0.752918163462682
-0.3675123726618849,-1.0666957894289273,0.1320644230418505,-0.049191999214640056,0.667194377983367,-0.308446575010683,0.6762340715793859
-0.1702003029524366,-1.1018086506369522,0.07055665577494419,-0.011937731132333849,0.6770632286026959,-0.42445525903696635,0.6010662260727746
0.025709338521766267,-1.0826886846692583,0.03178888908638611,-0.10698909948817653,0.5909521891743259,-0.47393832558000987,0.6439808275462845
0.1471887651955207,-1.056756591222912,0.020332666435789126,-0.17802018316543505,0.5160131471658577,-0.49336886992353274,0.6772196132187166
0.3113581312104271,-1.00221411348623,0.022034870924893535,-0.269645366503675,0.36918392590431104,-0.49454675084089017,0.739200998653071
0.41566611301506395,-0.9467714510283793,0.027297268134727215,-0.25394285817377377,0.3173424779897336,-0.48174065377296466,0.7763586277927661
0.514458503207571,-0.8753996150784162,0.02772104721830193,-0.20995843512649276,0.3041308511829144,-0.4753549008355747,0.7984106707262819
0.6324929576101423,-0.7481583444455852,0.02865316331857648,-0.1678241872641134,0.2633973725197233,-0.44611297387454857,0.8387133484448976
0.6857671986573921,-0.6520932604154497,0.037240625790539994,-0.18754808350969696,0.24851800675944585,-0.3857040527955792,0.8685026772239777
0.738074940197906,-0.4907686398740758,0.0665954650071946,-0.2776693566790152,0.16000328643788295,-0.2071065991279558,0.9243405937684392
0.7632063824214773,-0.3907917118989568,0.08915941633893942,-0.3420237296065307,0.14012439442777522,-0.1351552481934104,0.9193029867013734
0.7932237887380253,-0.25066024468630577,0.08869465365611662,-0.4619218769953678,0.10831142862264667,-0.07614625693005024,0.876982646087333
0.8003163376691554,-0.15982939030046217,0.07605340650428827,-0.5078143254149761,-0.002672521786093557,-0.024717517776410344,0.8611077242979582
0.7757174450755707,-0.035530701770397854,0.066639765149753,-0.5283846840466223,-0.13464809529392222,0.07062477335383462,0.8352793888797865
0.7135329198409849,0.05480556494421496,0.08787450897753557,-0.4951011744241822,-0.1408188650661579,0.21108500602144165,0.8309560725803757
0.6832174798158376,0.09836416521375257,0.10829279433566219,-0.4657199394763768,-0.10235811166407024,0.2681025195155092,0.8371073969211607
0.6846287467777785,0.1379460621228603,0.11803552789061167,-0.4444774897585098,-0.013219551017023943,0.23321840742518785,0.8647971895230356
0.6982289921565265,0.14128503362268496,0.10724663102647647,-0.45500063969603133,-0.058458213280415484,0.24480308685391688,0.8541829451839092
0.7166838399314243,0.1278361359101099,0.09549765311106717,-0.47040462526313503,-0.1527245677684705,0.2852205363444351,0.8210017908496766
0.7405563844943713,0.09940640793766153,0.08447307492152711,-0.47396776892964104,-0.2272340939885547,0.33396745395271266,0.7824224947209799
0.7557315913143042,0.08635698678282977,0.07567612650469902,-0.4675583982041763,-0.21451019669139423,0.32597282178752324,0.7931684809925593
0.7634273408901032,0.08016415836840296,0.07834776670039123,-0.4591361551528262,-0.1850192143811435,0.3017640464373296,0.8148007987349015
0.7675010700928734,0.06971354891007153,0.08021394249241753,-0.4696344216251099,-0.18042370011589312,0.2970436263927754,0.8115761717058775
0.770986872729112,0.0539265403519098,0.0830300013141102,-0.4623351703526571,-0.17781245315546457,0.31401425086470547,0.8099530677833705
0.7761799104543209,0.047545963410713155,0.08193557386086658,-0.46265159454523475,-0.1777467313668682,0.3128597872904577,0.8102335188386837
0.7786856870033876,0.04586996211093797,0.08164866006146232,-0.4671785122503221,-0.19999891981826126,0.3134586783253239,0.8021772414782443
0.7741294687871219,0.050126569622148676,0.07911859397362064,-0.46706432391305447,-0.19927469259139685,0.30567136457562344,0.8054225792084065
0.7677540984547868,0.053833333977998166,0.0816708189078702,-0.46685704223223107,-0.2039078970282084,0.30276872526312315,0.8054794663119911
0.7600270751522233,0.0574627713428173,0.0817981364067496,-0.46901343809755136,-0.18479988792402738,0.29492602727052186,0.8117228805113287
0.751300991040454,0.0586382707772497,0.08066550377758896,-0.471271581497869,-0.17497714295380215,0.29375548894173453,0.813015257318597
0.7478718305158675,0.0570698336359905,0.08105922852777758,-0.4698661732149696,-0.1770941518240726,0.30167991105991526,0.8104644791234926
0.7477765019931969,0.0578878911292009,0.07992742583720103,-0.47052840156683934,-0.17604875240872228,0.3018832979264029,0.8102322719611742
0.749326675768533,0.05854758892192735,0.07853622255488135,-0.473562384441503,-0.18646617211032998,0.29965760685117404,0.8069537492055082
0.7493928208345793,0.05854585183365946,0.07845009681712456,-0.47364934377704404,-0.18580643063281285,0.30053926873269077,0.8067269782427564
0.7493150549757104,0.05934361302653257,0.07797653405841443,-0.4728290971694811,-0.18372849065738084,0.30038085068490017,0.8077424287063728
0.7494374814353091,0.05935623557590586,0.07816358797540979,-0.4732874514220443,-0.18245305407719395,0.29918221328483846,0.8082078164917215
0.7495955513111265,0.05881683289648909,0.07848062600407868,-0.47438419312463,-0.1794910801971979,0.2979139387962739,0.8086964044151717
0.7500103432134451,0.05873855078988366,0.07897010227843815,-0.4731095568927431,-0.17463287701092492,0.2970518676871444,0.8108211229039477
0.7496356669462112,0.05834437602336573,0.08017015779804626,-0.46477427253822595,-0.1672979047719889,0.30266610975207536,0.8151009217593917
0.7474815786927654,0.05825083021125388,0.08157334741409028,-0.4541786398224729,-0.15681422060611122,0.3109363479531438,0.8200302743595921
0.7441052897600116,0.0586742163524252,0.08343619161161919,-0.4484052471847098,-0.145425496366829,0.3135673521095717,0.8242934398590545
0.736264889555044,0.060338763255971095,0.08650551179497323,-0.43430671896874606,-0.133528991219554,0.31661895272095225,0.8326464562708342
0.7247722882939126,0.06205284502372366,0.08868004599444812,-0.4372120341719331,-0.11169731849315594,0.311806234258572,0.83614963881722
0.715123227905103,0.06263113966518907,0.09030282628963104,-0.4333988776457808,-0.09917224103273188,0.30966830329963213,0.8404973654898927
0.7030662918584976,0.06208889715694288,0.09216998456767822,-0.4308676199634747,-0.08185929555849866,0.3117085847249029,0.8429056341053102
0.6808960020894095,0.06078652006244689,0.09547526569585352,-0.4381222111235305,-0.05647372212510698,0.313306668118362,0.8406536614695349
0.6551772142068935,0.061725692145541355,0.10139154981473553,-0.4318177257717089,-0.02934333843762007,0.3159707837913431,0.844295495658344
0.6374530826693635,0.062460142741961766,0.10624898451187703,-0.4218470626996101,-0.012546421514664617,0.32244909562297147,0.8472981905626941
0.6130147881687811,0.06273442794856421,0.11398620865214415,-0.39312803136992697,0.021397902636334433,0.33052457904733107,0.8577563659685402
0.5978523809427957,0.06058792232927446,0.11808659581141712,-0.37796593911602167,0.04820203096718539,0.333782247464087,0.8622109511926912
0.5827029559115041,0.05760355635617298,0.12200166026234838,-0.35878097842691703,0.07452588327692491,0.33593609774826416,0.8676802639627612
0.5575000688322413,0.05104141875256496,0.1263410197676702,-0.3466333633329481,0.11373562947244092,0.3317170423110028,0.8699846675967551
0.5349610911377477,0.044673820266492026,0.1298901223355433,-0.3427765034973402,0.13166605108137497,0.33969353424823706,0.8658964270816207
0.49746456162832764,0.033997538747790434,0.13851855645670264,-0.326182582977181,0.16723087711790283,0.34762008647360343,0.8630173994658484
0.4613010534114653,0.023769565862630015,0.14763287508083,-0.30819817842561265,0.20191896790380837,0.35287190695181514,0.8600721077328253
0.44001891919525393,0.017178803838197476,0.15262392038005446,-0.2887269994632171,0.22128331026736558,0.3516972911719495,0.862542423165607
0.4215447114764972,0.011678818716571282,0.15668668071027791,-0.2691133035979341,0.2399204660641063,0.34313623511651753,0.867337145486258
0.39751837925410427,0.003903145652560891,0.16093029041993778,-0.2447893356386459,0.26643535440880833,0.3305994798144245,0.8716618421297763
0.3770017706155965,-0.0011828591756353202,0.16507304024148972,-0.21302871429796807,0.2905974038893624,0.31656558894055276,0.8774725885382623
0.3647218375410738,-0.0026830125390289172,0.16801342750535309,-0.20230521631606677,0.3040797347067277,0.31071532004412217,0.8775329647835882
0.3518424419833597,-0.00381309928161766,0.16903118840077724,-0.17324285773179052,0.32175749018868754,0.30432487895579585,0.879684828674986
0.3326536806014476,-0.005605004567852179,0.1696957856373157,-0.1494008737497726,0.34028366974537405,0.2964593314586373,0.8797717134680585
0.31368210664733986,-0.007289301552213745,0.16846162567223966,-0.13197227434109673,0.353929780679884,0.2875799040907172,0.8801220528519333
0.3024864589516626,-0.008184168391271784,0.16562087875283293,-0.12364779013710804,0.361125959860296,0.2771498940847929,0.8817523469308022
0.2880917947227576,-0.010199413933480006,0.15804928280437214,-0.10756171314423059,0.37779691006680155,0.24458336365162295,0.8864981392164979
0.2779392510837496,-0.011543229536352007,0.1541193185097388,-0.09904262831202541,0.38070465548446314,0.23130354374186368,0.8898051436814456
0.26665961687203277,-0.012492449605459033,0.1523961537673003,-0.08827095096714889,0.3874836112038358,0.2236855378691338,0.8899603757538793
0.24885891580622277,-0.011431444258081624,0.1515364091344782,-0.07867354325842167,0.382642124175288,0.22137434208523718,0.893526093107592
0.23761763708067396,-0.010957631524165956,0.1506283021212793,-0.07367568935454384,0.3837319621792196,0.21851653217923286,0.8941880110830054
0.22405810131111847,-0.010370427777856905,0.14872574683624007,-0.06119584203056492,0.3891583134443067,0.2154744428550418,0.8935220425214266
0.21522688693071013,-0.010872836089988347,0.14555662761769372,-0.05302339211318429,0.3863188309474214,0.20895931793587208,0.8968178656739642
0.21112684266164794,-0.011332619628729335,0.14355601257730521,-0.04603517142079235,0.3811730300281502,0.2121871395224809,0.8986459269326738
0.20736868945624654,-0.011326785947888496,0.14337067267278014,-0.03304932452666171,0.3738872067760787,0.216329973347686,0.9012865478796978
0.20145488715731985,-0.010914297879406787,0.14471733881562154,-0.019060654224413724,0.36800171347274135,0.21616081878906135,0.9041492856614478
0.1961564958126688,-0.00889862772329919,0.14792360224751577,-0.004438639490842959,0.3600865362451628,0.21198368106904072,0.9085047627034493
0.1934792442909523,-0.007451474341688691,0.1501475422251316,-0.004288240892029277,0.3506464457900586,0.20405429963485466,0.9139970042868742
0.19048808237041015,-0.0070780112900590275,0.15192493091194548,-0.00481159037654781,0.34388524799208514,0.20451725867768422,0.9164564778070127
0.18724490747990463,-0.008064881237400456,0.15236520515796592,-0.004633019754769091,0.33618387657647647,0.2043625458628624,0.9193448134984032
0.1853481578195203,-0.010129959125017907,0.15078775593669613,-0.006220737441253276,0.33531586353979637,0.20061867848875695,0.9204763548976543
0.18428119154569667,-0.011580836969421693,0.14984479008013918,-0.009279118519591009,0.3387630188994848,0.19060191876270713,0.9213166792963108
0.18360101215368785,-0.012085442440105787,0.14967583861938139,-0.008416694123980368,0.34029236325981327,0.18075046026195796,0.9227456517817708
0.18245064434165859,-0.011776858371604693,0.1496647090796568,-0.012520723793884112,0.3415275252672367,0.16965008581718868,0.92434897595158
0.18172753948645082,-0.011595893545568448,0.1494811275221175,-0.014779016392687408,0.33764937015178675,0.1693892835188312,0.9257870997910607
0.18084427791522728,-0.010469070115221912,0.1491857845971507,-0.019420779361869003,0.33699896047077094,0.16882192168680085,0.9260419497671653
0.1795361545896108,-0.009770431085016629,0.14871777681768028,-0.021020245159412032,0.33899457352547213,0.16690912343712297,0.925625287536578
0.17849017752236618,-0.00959180437294127,0.1485824106168876,-0.02181137483100518,0.34483689783086324,0.1676533036129765,0.923311511684991
0.17752377630738203,-0.009235510293846616,0.14809691784789825,-0.020190893749262685,0.33870503721012835,0.16691297007743378,0.9257490405061305
0.1761684278474065,-0.009368743713287442,0.14824580256825692,-0.017417547299814377,0.3410559783866885,0.1625219041908144,0.9257235436732444
0.1736270523990694,-0.009322398086998973,0.14946205313275596,-0.0165994803037902,0.3337416656148904,0.16469920069636917,0.9280167731114669
0.17290209301977633,-0.00903027253655364,0.14960622671671187,-0.016255623345713427,0.3338121050903778,0.16627848160988698,0.9277158507637365
0.1724049394710515,-0.009228557419068473,0.1489834853037073,-0.016918404174192155,0.33254641588194384,0.1649567691992748,0.928394266020428
0.17203187034119072,-0.008941615392541236,0.14863466753044674,-0.0179862656160445,0.3333092028446215,0.16340357394609772,0.9283753236541319
0.17190369401920003,-0.009003391198810107,0.14821982133654876,-0.019934414343834313,0.33253899242113266,0.16145443099112794,0.9289525845583494
0.17151020341253453,-0.008948878422487816,0.14792782971377705,-0.01974387263275149,0.3319738449349535,0.16073100466095808,0.9292841814607866
0.17156569725391568,-0.008912290654502497,0.14745864606062065,-0.02224058194242236,0.3338721796343417,0.16318030587485252,0.9281200956533943
0.17175811459653534,-0.009155810372656115,0.1473461946639153,-0.02124205287223064,0.33538430508020545,0.1640132144506897,0.9274512432366422
0.17199231934552905,-0.00920797534621709,0.14729505277910548,-0.020216634006880462,0.3354683866121808,0.16462375535302604,0.9273355748954739
0.1730300224265744,-0.009314694112433797,0.14734811785721647,-0.016720545238344757,0.3362594444518577,0.1652781807664947,0.9270022288788622
0.17399403802847513,-0.008877720670359635,0.14755911001574162,-0.016221826439460095,0.3410299242487135,0.1644331907287978,0.9254172944680857
0.17574817824336697,-0.008398697097713681,0.14779011042217693,-0.020051373431298515,0.34086337184381876,0.16285407261756074,0.9256828048476732
0.17664177707262363,-0.007680320925557815,0.14882025397794674,-0.017991208287828745,0.33636745086296616,0.16402543550027499,0.9271617501457009
0.17856285028007612,-0.0070836180986979524,0.15017026879408613,-0.021408396256871035,0.3392261794723092,0.16564902292457784,0.9257578954210772
0.1803985442553514,-0.007263082672958943,0.1504161199593239,-0.018928032205023364,0.34268655656500774,0.16009918509147766,0.9255138596906629
0.18458870722700838,-0.007228768239258221,0.15008618609437685,-0.023568043754547692,0.34160595179990877,0.16226503135962,0.9254296194775288
0.18932998398236378,-0.007083730589988457,0.14921597240069895,-0.024431156766469748,0.3399835765536947,0.15894382495908785,0.9265803509465248
0.19284243724987504,-0.006873040320203527,0.14932904589349516,-0.026522944584414603,0.3437962600523899,0.15951993195451963,0.9250157059714105
0.1970884658355413,-0.006908283326147124,0.14886794698101835,-0.025441591249985365,0.33913029132713174,0.16404946518236632,0.9259757793335758
0.20352296817428717,-0.006649283862059985,0.14826502299283395,-0.022970697402808903,0.34114393968551093,0.1640138831242341,0.925306762981438
0.20965966045152995,-0.006590948274550756,0.14819960654512598,-0.02363660108598139,0.34481404360967216,0.16423019820594312,0.9238901603631711
0.21449399691254156,-0.006318566048903795,0.14787077807304871,-0.02892439395625633,0.3431582813303683,0.16625855511840273,0.9239934340884637
0.21835078331917845,-0.0067630323227594324,0.14735795110525673,-0.026550355517397522,0.3433182728696214,0.16385278197050937,0.9244349127852348
0.22395691787992522,-0.007619755506044434,0.1478506168551268,-0.030316812065968132,0.34771241524256036,0.1662710543641014,0.9222423237267915
0.22810871682997869,-0.00755688996697379,0.14772849838341728,-0.031445953071458956,0.348215969076599,0.16429482791171765,0.9223686900783936
0.2335162957362642,-0.006783637196340564,0.14799976218846056,-0.03317350810415028,0.3442339649768859,0.1679336622536865,0.9231472151279126
0.23671227553935714,-0.005631722598542943,0.1480988523252298,-0.034516626409756467,0.34337754506098206,0.17114978963117883,0.9228262098349752
0.24215605342535773,-0.004648659315096282,0.1486820606517676,-0.031754808129801165,0.350804234450988,0.1699469010778456,0.9203510591431581
0.24586980359176713,-0.0036383716852803616,0.14844022810925306,-0.03321299305690262,0.34555598932633563,0.1750773649438177,0.9213228921595451
0.2506716375605168,-0.002828667857463829,0.1483622451082357,-0.03568140798375712,0.3468072711593291,0.17912972939075258,0.9199804855776627
0.25559930885229276,-0.002176886888662466,0.14848148862639898,-0.03191132485345963,0.33986953393544084,0.18187355782262227,0.9221672170563994
0.25886269253966976,-0.0016430139671232968,0.14818612733870795,-0.03362957141193394,0.344654665571877,0.18049024789603138,0.9206006103846642
0.26208440748617534,-0.0005649576368838005,0.14853004167493378,-0.0348234411320239,0.3400130460532886,0.18274747775548522,0.921836111158213
0.2673347246478128,1.4672643746882486e-05,0.1494691792458236,-0.03654124037457164,0.34024255309719087,0.1876366984356048,0.9207020214021358
0.2741827139036611,0.0004995130356442168,0.15016945411065552,-0.03488237314502294,0.3405771026356851,0.18620254995002425,0.920933801961988
0.27960093567814526,0.00036279365430802457,0.15048486161704966,-0.03439158382726391,0.338802255600637,0.1919848173234327,0.9204195133085028
0.28549373428328406,0.0006083171092405859,0.15163229599684913,-0.037401815908245914,0.34056719404004965,0.1970928217791563,0.91856927344299
0.29601586650182365,0.00025414353410346813,0.15476414312203035,-0.03370242855616034,0.3437159668896043,0.20930024676914205,0.9148316168109504
0.30458974185867116,0.0003732820715804941,0.15760748056835827,-0.0315049431798364,0.33793558665629625,0.2273770766970672,0.912746757221956
0.32046870782230163,0.0013857717126100066,0.16278315471034277,-0.02318714296116855,0.34524543532810015,0.24358901590753337,0.9060531646187261
0.3398558029539285,0.004814064852262545,0.17059733147118372,-0.017339093621169567,0.35036183286731404,0.26591377751877887,0.8979063452431696
0.35471041832675276,0.007333338312016879,0.1761684022300566,-0.01045639012776945,0.34953421705030385,0.2856081434807085,0.8922692886085624
0.3776422751807874,0.013126826949827697,0.18399060480535268,-0.006106024574335118,0.34410282493201494,0.29843930384112843,0.8902190428543569
0.39145059016312034,0.017578882615233882,0.19155020362091568,-0.003437235670328825,0.34405995289329966,0.30631826770121795,0.8875697454839997
0.4039847923956411,0.02195606672137118,0.20098855045640596,0.0008857864304232022,0.34617230900159784,0.31576935479834917,0.8834328850756781
0.42061936232835273,0.027892883937245205,0.21515704979174155,0.009823383986863589,0.349812868103201,0.3356803610679785,0.8745588337154515
0.43595498941368716,0.03331068594443254,0.2273456058982407,0.01781615023901073,0.355428197763935,0.3471837982869197,0.8676501548619752
0.4449783233032286,0.03638437364155589,0.2367213385087129,0.030960122526270895,0.3552525372040793,0.3615479369174282,0.8614639835384728
0.45840173201580203,0.04070557829436927,0.25208955922593856,0.04453910336043816,0.3552281479208726,0.38506032714954214,0.8506219933977974
0.46760067428206575,0.04310037156363444,0.26301136533745706,0.051779224452984926,0.35471527589044627,0.39754642357444747,0.84466136769014
0.48218104764401837,0.04686097880866669,0.27817075875910946,0.06331930678418611,0.3529013701796573,0.41466042701054606,0.8363659597240446
0.49112491528288815,0.04957961363743979,0.2881309672092993,0.06610974601363388,0.3478798631133813,0.42989916659263583,0.8305394685896541
0.49938033307087004,0.052678334305608976,0.29846415337691745,0.06594292138608136,0.3460620489809717,0.4345176389210105,0.828907118343588
0.5119659210401781,0.05751861485228926,0.31571862208384127,0.06429853124006603,0.338934845410945,0.4365565309064211,0.8309074947126064
0.520037254371639,0.06048075867804048,0.32897213412439474,0.062454663251754125,0.3386624329903832,0.43999811792170246,0.8293424068166922
0.530966259087476,0.064148897202154,0.3501238924521778,0.05843367326713494,0.33653595199722175,0.4462519363052095,0.8271567373755017
0.5381618475997789,0.06667136566386334,0.3638240014976597,0.057328631617474625,0.33838590671025653,0.44987641088808306,0.8245117470741106
0.5476663175970199,0.06889570052824867,0.3849694699521544,0.056652922455488954,0.34157218925781996,0.4571956580321915,0.8192014503035159
0.5538626202823212,0.06993237741174285,0.4018787839250736,0.05416501886267876,0.3365653110961371,0.4629927185326843,0.8181856052779716
0.5635682861793838,0.07058209889917144,0.42873542083511573,0.0734607052940102,0.34111922887969404,0.46500044013026304,0.8136435258421781
0.574841465988395,0.07207481529416593,0.45489872004118526,0.09012827314820454,0.3620676270717325,0.4651394059381775,0.8027635148967889
0.5829303603694893,0.07338396706127281,0.4711891597920803,0.09302950593903817,0.3794524622272985,0.4630305558041254,0.7955903747067972
0.5943347660479602,0.0775125575095319,0.4941813752861195,0.10407650234061125,0.38513865675632736,0.45786250062143197,0.7944798469798752
0.6013818921375906,0.08132627256835878,0.5094328117810284,0.10697667740978958,0.38523141351184154,0.4563511312139931,0.7949191113401032
0.6127100339610457,0.08683422462918844,0.531885515181154,0.12258264174128397,0.3885793844062507,0.45167365802836457,0.7937067875490692
0.6192396939518693,0.09044926088567529,0.5451984471078719,0.13581966128866124,0.39653738612070083,0.4462713232713682,0.7906661919176876
0.625236725472724,0.09449145576273921,0.5589793269479462,0.13648438006642238,0.3956109148853882,0.4450555556750993,0.7917004296981018
0.6342901317441739,0.09723796056468181,0.5800420161881721,0.15058465722294712,0.4031725848096757,0.44031668783135736,0.7879703942941989
0.6438408180185128,0.10319663037884497,0.6023907318549969,0.15768613961192238,0.406964471345908,0.4402196684433153,0.7846793255541351
0.6508345634833014,0.10436117999923522,0.6173363623021859,0.1651211164491088,0.4125668348787181,0.43965818868751866,0.7805282190803652
0.6582785005938098,0.10555732227626713,0.6323759306620679,0.17635453247747881,0.4228671189378129,0.4388687679426362,0.7729661591042625
0.669562716609206,0.10721302708014946,0.6540009933871178,0.1884323356599969,0.4375622548262672,0.4368877157400582,0.762995184692869
0.6817869847820694,0.10895838184189399,0.673476013424463,0.20358987265394834,0.44477170831548624,0.43411859930804536,0.7564855140514548
0.690093280650336,0.1091174369165171,0.6840669834043864,0.20813590637697799,0.4491740369387298,0.4330851454202199,0.753232623983551
0.6984338772222378,0.11028459480630293,0.6934614404664604,0.21355768590347662,0.44782249835138593,0.4321192351808534,0.7530744261682168
0.7118139388831315,0.111596162030698,0.7067589900072979,0.21033005830700918,0.4481877350163795,0.43226838057264455,0.7536796852181709
0.7265431681924847,0.11110080650528209,0.7194884760887607,0.22662808590486494,0.4467898635836263,0.4265261292116706,0.7530564318679782
0.7374479469753453,0.10952195039940338,0.7270209691167497,0.2290635214790258,0.452775344901606,0.42768517485247076,0.7480707061423213
0.7552534048150962,0.10565883036331236,0.7375752968139949,0.23980486370873288,0.4541287913923167,0.4266121850764649,0.7444882213403203
0.7670776411917003,0.10305929650457579,0.7442043487789383,0.2473275720772635,0.4544718832917782,0.42644307870637266,0.7419101562932137
0.784272823127436,0.10011803550909826,0.7504046053604392,0.26241440311171704,0.4519395962962803,0.41831827298218377,0.7428991215691936
0.7937392000911169,0.0986089842603437,0.7531553049981019,0.2737537744431015,0.44987826657788815,0.41225862512787764,0.7434455206985259
0.8005572860527737,0.09756571542743875,0.7549138098019301,0.2753483373059977,0.44396391338866426,0.4111575075908,0.7470132801384233
0.8112841559421486,0.09630116480229334,0.7559998050776818,0.28297123411466235,0.43470229289994244,0.402950738938868,0.754050329354598
0.8200634199627871,0.09584311330767381,0.7552332658241101,0.28768827176881195,0.43776932552310716,0.3951009120225637,0.7546447808317873
0.8254914527107445,0.09547694725106948,0.7535453549675577,0.2884688940830808,0.4298609756407131,0.390497034895516,0.7612603395064719
0.8276136582388961,0.09503301331092562,0.751957756580877,0.29071528514144207,0.4290236703545507,0.38688950968358776,0.7627187034270452
0.8273447693074257,0.09544359332761365,0.7503237570505297,0.28727457752516566,0.4244030958759701,0.38609205158805643,0.7669995156577059
0.8244732055676403,0.09556920680961412,0.7492528007242489,0.28317852296293805,0.42432604653362266,0.3884261165599361,0.7673867879627858
0.822442608789528,0.09563717275328831,0.7484321057323012,0.28228460597315,0.4263305452522722,0.38856206542461696,0.7665358365585
0.8200387423131245,0.09606879143440072,0.7467064853610765,0.27885476154197064,0.4242155164820258,0.3879209747253783,0.7692844304347848
0.8193104927412806,0.09674106356856393,0.7462044648021824,0.2778122481868964,0.4255140080829168,0.38785414758534353,0.7689781166479319
0.8177506912159477,0.09615146144354703,0.7460302384465264,0.27829305478292565,0.42370400583754725,0.38839814626541036,0.769528928029607
0.8163378102559526,0.09633665810362602,0.7459192394038638,0.2753522393203665,0.42401066897168493,0.39006310177858944,0.7695757750412298
0.8145021840529677,0.0961354277926938,0.7452625713035343,0.27128184256652366,0.425486580624725,0.3921224111103954,0.7691601564739046
0.813019360227829,0.09644945482434841,0.7443016735737817,0.27432532415967054,0.4238689732464028,0.3907486486959895,0.7696727899477739
0.8110127194230526,0.0962252698902426,0.7423862695321992,0.2708141879202654,0.4253775194389617,0.39170787683168157,0.769596375254626
0.8084998662013763,0.09689492902245145,0.7402223075102833,0.26629192928237577,0.4235544495439796,0.39288282706488964,0.7715784606040184
0.8070857325734822,0.09673119218346637,0.7393981464556191,0.26245579941521796,0.4267930955347404,0.39550539617699015,0.7697662557894278
0.8031872405793841,0.09667321814947405,0.7373797497615812,0.2621428759352359,0.4287551294517975,0.3963393489306658,0.7683523098516669
0.7994264451637242,0.09711469216306234,0.7355290956798822,0.2580448260170483,0.4279166416062959,0.39844189618095444,0.7691191526479794
0.7947154386818938,0.09728879459056272,0.733524019080186,0.2528330440867439,0.42618417401291564,0.40127807795242565,0.770336553587824
0.7917175662172752,0.09740320027825966,0.7325669720350476,0.2496428216570546,0.42782593553060383,0.40530603416094424,0.7683556788071493
0.7861904330081319,0.0969422884603417,0.7307683983268309,0.2508625217291215,0.4286961609293276,0.406772658598991,0.7666965508025133
0.7816967465339889,0.09701437219898379,0.7298216737279898,0.2460014703035652,0.42707315041125055,0.4112875097157456,0.766768795112395
0.7743615232008806,0.09619413281346456,0.7280768763926536,0.24069470167989826,0.4282226631392172,0.4167663590425147,0.7648511053320294
0.7649751520376209,0.09611084865087594,0.7263445097315484,0.23330868449872103,0.4312817010179839,0.42434502003907987,0.7612453323814495
0.7580573433641625,0.09572448246282361,0.7252955986979869,0.22702712315566537,0.4344955941096978,0.42892625693897934,0.7587453658238974
0.7502978568744872,0.09584856103605865,0.7247287312077638,0.22184147841828852,0.43709367871928606,0.43250431562121067,0.7567532566470115
0.7379668057993207,0.09524403084159938,0.7231626391881077,0.21306774097883424,0.4374894983081376,0.4412477679887974,0.7539930264061961
0.7235188048384262,0.09505927324419039,0.7194155804946807,0.1976799155325987,0.4463338450570832,0.4497600777177693,0.7479469381198711
0.7121230844250864,0.09561211355474586,0.7162225587036162,0.18743150505235456,0.4445752642542536,0.4561457712149964,0.7477655386080225
0.7011485888622533,0.09595725188515325,0.7134473992161431,0.17869645626965822,0.4455849982811921,0.46062089810088847,0.746558754590787
0.6862909914641958,0.09584349937548708,0.7089097514941646,0.1665162723982147,0.44445843897594317,0.4667747083627477,0.7462240941450116
0.6778742028725606,0.09633789251134228,0.7057981809261811,0.15422542254907434,0.44411923473074794,0.47052231357892654,0.7467137181049164
0.6682725513894198,0.09568896374440228,0.7013366647504298,0.14239499205268039,0.4469224105892436,0.4759251241805059,0.7439618950760764
0.6632226178689542,0.09471872896103206,0.6977824365799268,0.1338131058630836,0.4467681907478816,0.4786877533781589,0.7438751717868467
0.6556147562922501,0.09329867875031006,0.6899765888751905,0.12042216536476907,0.44827680853583446,0.48395698213856425,0.7418436792593979
0.6482408337426901,0.09170591241306036,0.6807119585180949,0.10837320091672271,0.45148649905098426,0.4849080803964041,0.7411338233166961
0.6428591725185532,0.09070771302454239,0.6741047636162927,0.10595228904246683,0.44807660740732513,0.48524825010928724,0.7433273855488428
0.6373727284389947,0.08919243469864124,0.6663753048913533,0.10392771625004674,0.447536805796062,0.4838302284889768,0.7448611597158308
0.6297934360865974,0.08584438994414212,0.6544007639909024,0.10299336147132668,0.44348136746576244,0.4826857003508885,0.7481518287622548
0.6210128917095323,0.08264963748601217,0.6409456455855018,0.08851843860509688,0.44019640688944056,0.48671751546479974,0.7493314817411011
0.6147761744715461,0.0805851188252471,0.6315215891272883,0.09385060955909803,0.4346301148352629,0.4850578158242471,0.7529990980548933
0.6059032733349913,0.07620322768266785,0.6153718729157716,0.08124432604467657,0.4300876647588569,0.4923135172896165,0.7523638486807736
0.5991620490879374,0.07281862452713961,0.6017121194842705,0.07189063980110309,0.42666488527851176,0.49546705921915907,0.7531940021056864
0.5881408914074147,0.06631724684233253,0.5781521820778682,0.06505141888983791,0.41124382680593125,0.4967524867269997,0.7615010142770489
0.5806163968622438,0.06273572476746958,0.5610789868786916,0.04923664135560391,0.40787667299327574,0.4994293883022124,0.7627467855560153
0.5728499482134622,0.05893957453083143,0.5431456444989697,0.04920607487763501,0.4037661795450541,0.4950532182134985,0.7677720661675481
0.5654473674484456,0.055124298899290824,0.5185078206245692,0.03371131880422097,0.4117900984444443,0.4975205044294431,0.762735740266488
0.5600763421413916,0.0515804359486316,0.5017082725251885,0.052801861439239414,0.4105534444003379,0.49104605466742346,0.7665061023339135
0.5527333474691742,0.04836484269516461,0.47800549190486563,0.050546539320126975,0.4073696979553987,0.4828297375305871,0.7735440653942285
0.5475075135024474,0.047453234626757324,0.46218515920703096,0.040254409224496565,0.4132578113857005,0.48228983776546475,0.7713585912238543
0.5415044803784083,0.04563007569889499,0.43905335853707994,0.02376594413890247,0.4125586851118994,0.4806303165493459,0.773450069527182
0.5366352773685106,0.04360001638732869,0.41788924425889795,0.024233491159717912,0.4203243704207013,0.47319055210724265,0.7738416265186927
0.5335630669287104,0.042040880426039484,0.40473406003011514,0.016007318645985976,0.42089072822951235,0.4718982770321488,0.7745364915704657
0.52860305802698,0.03974549742365463,0.38544050244364236,0.013963478514892057,0.4203800368933361,0.4634724866256655,0.7799223679253877
0.5250397217435053,0.03861742786487832,0.3739393103716916,0.002341130383784457,0.41886512405933773,0.4608752612615723,0.7823940953971721
0.5185130927340769,0.03783786143909107,0.35911061131161615,-0.01097142245426989,0.4111500501953187,0.4563020649836054,0.7890650731121067
0.5137007290308468,0.03649799935168763,0.3497912383692905,-0.023731605804703248,0.40612928673357584,0.45548448966640853,0.7918520651084636
0.5082428321551724,0.03511595091848996,0.33984901246197396,-0.021865646598472257,0.40547377443217386,0.4493563864774205,0.7957334664814044
0.5001911734061696,0.03273702256489419,0.3243933376165449,-0.02830731092068946,0.40229212727081765,0.4414364776400768,0.8015569703352855
0.495705778426183,0.03190452778657127,0.3138964510268689,-0.04137152732954604,0.392874021680571,0.4393486090212557,0.8067906789037926
0.48845371997576004,0.031718869640475766,0.2965840599089613,-0.057751326257534326,0.38073875951274994,0.4247785569131338,0.8193082197238007
0.4832761354995697,0.03227598417252442,0.28440517086958594,-0.06060980142212232,0.38083723852022683,0.41574992892095874,0.8236755710412179
0.47585885760051705,0.03249159748013297,0.2700670768017256,-0.0651648673871225,0.3812427721375891,0.401900085729572,0.8299902468353636
0.4693701486640681,0.031030528530458623,0.25699412444816416,-0.037384857728167915,0.38831583449874274,0.38760002522195697,0.8352121919237817
0.4663405902650086,0.030187325283284938,0.25122462305907156,-0.04380966532964046,0.3850944570354859,0.3862508494331611,0.8370144883431891
0.4610919438264338,0.02820091262671376,0.24180872042107937,-0.04460748563292343,0.3829003641776194,0.3800158041821001,0.8408242812324027
0.45769421123982834,0.026943354802848374,0.23511274986670228,-0.046409274863195384,0.38466908932069316,0.3730948234317809,0.843016087424356
0.45131030349987633,0.0244377456733198,0.22626208281122473,-0.05696305192340453,0.38159204948522696,0.3674608969426523,0.8462359054680539
0.44573532306646346,0.02170340818145111,0.22069654524378257,-0.05264324212993633,0.37649168093969304,0.3656091852338487,0.8495955666750472
0.4367852951252216,0.018977451571423387,0.21371561337569578,-0.04776829924705773,0.3815833437300517,0.3580319391825321,0.8508380996993684
0.43055501904827753,0.018106166324659334,0.2109340016716177,-0.04953889898492932,0.38198955414458263,0.35421287821717745,0.8521520491771917
0.42055930120156804,0.015944381325902812,0.20742642289291902,-0.04534683714902437,0.3827252846540033,0.3527899258130074,0.8526454650626747
0.41453162281360467,0.014863088454469597,0.2047948049944408,-0.04487114553277128,0.3845311807412428,0.3485970355941427,0.8535821331959207
0.4094013756453093,0.014356718241748112,0.20282913932680213,-0.05125702072179983,0.38649582074399297,0.34925247341230004,0.8520659646937806
0.40157147145403427,0.015224777537963696,0.19948208409697288,-0.06095671701245855,0.37256164648250417,0.34614606724361147,0.8588742622486075
0.39514286685930056,0.01651734860705223,0.19560986200566965,-0.04496751605744857,0.38343682939107593,0.3359754369773647,0.8591126969810253
0.3868154010767566,0.018192439159101736,0.19185978760676492,-0.05779222222417885,0.3742481078711122,0.32909570337631056,0.8650401324935941
0.3787771004104412,0.01938665115119176,0.18818612587868755,-0.0571101059745646,0.38499937719921273,0.3203527689339926,0.8636480873527806
0.37319572658865374,0.019514660619142532,0.1849028426246877,-0.04496127390782384,0.40242502941676356,0.30828876863178195,0.8608081172264829
0.3659049789241485,0.01945066462782541,0.17877544307120108,-0.04617721740625894,0.40076679010783517,0.29249952449077926,0.867005001549556
0.36064134968884975,0.01887595144587717,0.1746268128161903,-0.04679441760616936,0.40253675440424014,0.28665385070243077,0.8681036883414726
0.3546338373532204,0.017940872751069037,0.16975921804967176,-0.048146372286665205,0.4058570797390827,0.2802629111252824,0.8685704682458872
0.3444417968887703,0.01597700651566103,0.16267865864372588,-0.052440583248886806,0.4008548941231585,0.27380397548213076,0.8726950911379121
0.3339872490606701,0.014511541676877737,0.1555362742556814,-0.046127660036646194,0.4033696701270694,0.26057706036405853,0.875936495308392
0.3281034260219231,0.013425697322993368,0.15178988883057198,-0.0492249251423323,0.40111589703424855,0.2526948426857768,0.8791065125291431
0.3204105039438244,0.012205428702539267,0.1473384008231724,-0.04704935853922249,0.4016036382241435,0.2457010440127421,0.8809834689693261
0.3162183375190536,0.011796264486712671,0.14522397051123825,-0.0483574421553752,0.40028521830557023,0.24175510091644514,0.8826028398861693
0.31189054675500527,0.011225604661213806,0.14284178008370574,-0.0489343973199208,0.3995502692004183,0.23305529999205327,0.8852402127594653
0.30626868727314616,0.010611316714779218,0.14062960181037432,-0.06021402796257743,0.3998038586145931,0.22940189127304583,0.8853846157200577
0.30257925107018546,0.010190442754368423,0.13907017621936046,-0.05566554716848084,0.3998645171267352,0.22425208029314372,0.88697278384719
0.2975935071512832,0.0092290223176541,0.13779592543219943,-0.0590726412555271,0.3968455520728034,0.22353842304131918,0.8882874558831324
0.29455057985250566,0.008578997211348804,0.13778480020172412,-0.055225572534572026,0.3992730383170163,0.22441271104421495,0.8872260772391177
0.291149698128916,0.00850637327486714,0.13683736483988085,-0.055287876248224774,0.3970534744425953,0.21995920640709823,0.8893310613544226
0.2871747750642839,0.009031774128519299,0.13644419169202848,-0.057901713910255954,0.39221652337258484,0.2148795177018917,0.8925471321963787
0.28436761316283476,0.008690805563907222,0.13581697861664777,-0.05629417303193432,0.39377097153921037,0.21100880035419153,0.8928889484302076
0.28147335627640857,0.008629658479684776,0.135226743744565,-0.05628716540453851,0.3913477783033786,0.21213804192702757,0.8936868146029113
0.27703170005227595,0.008592115236100817,0.1351580526750502,-0.0580599733991519,0.3933508236767787,0.20940654748555604,0.8933381593057967
0.2717184001070637,0.008216235168796215,0.13570881517724043,-0.05408426531298668,0.39435228985831605,0.2122374815960531,0.892477683269908
0.2689543519907224,0.007507486896794147,0.13513639849178183,-0.05449204921482856,0.3895337742581532,0.21035479636307008,0.8950111255909717
0.2660356576992744,0.006357760169789506,0.13479426377578962,-0.05403444516827171,0.39212388191124115,0.21053123166997811,0.8938656165563915
0.2612195028846579,0.005041721840842062,0.13514554103158027,-0.06037812031328779,0.3918888854942847,0.21095259004755,0.8934632554088119
0.2563112474416511,0.0045238359524830685,0.13453481502043052,-0.0567030494424291,0.3930672594550569,0.21297109795852576,0.8927072337349802
0.25361754330397324,0.0038529456113614025,0.1335941818684533,-0.05712117223638537,0.3934327481853104,0.20933203192525107,0.8933800673552892
0.2511528277638807,0.0038524883975936675,0.13260965230292532,-0.058063132683624064,0.3884659636614662,0.20901313149756875,0.8955648377203698
0.24811721571709044,0.0036461974404464748,0.13204622900560437,-0.06013993796841366,0.3997508314825366,0.208879478779141,0.8904784241828267
0.24561949170529385,0.003138190715290312,0.13147387402405586,-0.0573648963397178,0.393454218977481,0.20530617704828724,0.8942887788083731
0.241959255467891,0.002890789840256369,0.13149563261634645,-0.0576530498282335,0.40050793328354406,0.20317539502276757,0.8916217135533374
0.24004970610964727,0.002469203528888242,0.13110982566221752,-0.05928464328665128,0.3992010196045171,0.20231306826941192,0.8922966431767547
0.23666899283482323,0.0016060178577450568,0.13063274040602257,-0.055208382276377595,0.4003382028786243,0.20028478478079853,0.8925062256520387
0.2350719412745893,0.0014547687833184053,0.13015445779269674,-0.05759127966138057,0.4015452321565773,0.19733141546964578,0.8924712788140754
0.23313251966171922,0.0009630922623027338,0.12838486924347525,-0.058024581784729454,0.40789628893894103,0.19399265772959048,0.8902924318029201
0.23092044421380264,0.000989107124370392,0.12680610308162943,-0.0591978146987178,0.4120755651452634,0.19195422128251316,0.8887310753410911
0.22935778997948508,0.0011088919242137063,0.12635924107778762,-0.057944604553939696,0.4137967748521254,0.19105135773520962,0.8882083261446044
0.22588225505043957,0.0007986917565192542,0.12676017134881923,-0.05933695540090941,0.4150638506046535,0.1906860260759943,0.8876034954326925
0.22319665695647062,0.00037303738589700153,0.1269551923571559,-0.05864011495394789,0.4133043296806859,0.1874865203919166,0.8891510966403393
0.22039983284780795,0.00024051927272572549,0.12679470256255398,-0.060890389682978864,0.4139247597048685,0.18664733816928153,0.8888877459509967
0.21862606532073325,0.0001738948380787253,0.12645066820912632,-0.059304838244392546,0.4124308214297851,0.18531732532908993,0.8899669896285095
0.2161953885335498,0.0003605450794499365,0.12615780127085297,-0.062283159240533854,0.41537327638551846,0.18596039949129933,0.8882592972554886
0.2146449780370323,0.0004810948243316737,0.12610510779711592,-0.06167780034609234,0.4114310470206622,0.18452711593348473,0.890432527470341
0.2129710940545393,0.00040964174521396224,0.12600251057954426,-0.062072663393636054,0.41454870296087576,0.18481519939582602,0.8888980253127785
0.21079728854796143,0.00036981282592307707,0.12556696942610235,-0.0633676379387686,0.4156101787726231,0.18324912147978345,0.8886351789342671
0.20952884774806557,0.0003216226344586737,0.1256135369646637,-0.060824146844768494,0.41498832879998665,0.18320119322564818,0.8891132846387456
0.20759744401683144,0.0007783195123534092,0.12685341724334231,-0.05980641666293827,0.40750924427319213,0.1816308056436143,0.8929555749302887
0.2052356090294727,0.0012899005063571334,0.12899049938248563,-0.060216485264768874,0.4006966751236143,0.18133309068739142,0.8960661022876587
0.20398244819058542,0.0013928587121070368,0.13054176676188511,-0.05864658245169962,0.3926968627580451,0.18481188484050357,0.8989962845131372
0.20283845474204987,0.0019569387260152116,0.131638635815422,-0.06333058799917742,0.3894733356859331,0.18165688620091214,0.9007222286083206
0.20111160428964758,0.0025734538281845243,0.13306775752959488,-0.06296003187815812,0.38223403552962176,0.18474368691459125,0.9032181057827864
0.19995832070660768,0.0029155630215857986,0.1340144648554582,-0.06271061952251641,0.38002036253167576,0.18275532160535807,0.9045730455222055
0.19867229433947453,0.0026124655378878536,0.1349755294335283,-0.061560870114501495,0.3773772839638305,0.18043848142678967,0.9062221577732592
0.19760490702970257,0.00207209043350276,0.1355431254324857,-0.06156615129502323,0.37516774114985757,0.18098210114964897,0.9070304592893724
0.19584909317636112,0.0008502765387143896,0.13564718816799692,-0.05963266122575157,0.3742604085644713,0.1792398948865348,0.9078800319300748
0.19462583343000894,-0.0003399957307987922,0.13568575400301908,-0.05643860827408412,0.3683813661660584,0.18012041628706646,0.9103112040364475
0.1933996134387289,-0.0008402938604710197,0.13594034728440685,-0.05333841886774911,0.36817384511477913,0.17811566025677972,0.91097631386188
0.19147792930267582,-0.0018308817782048958,0.13657792668394964,-0.05215163777998172,0.36973609700774357,0.17723386294600502,0.9105841987820691
0.19009192804372477,-0.00249662181525645,0.13719225561344806,-0.051450261181148885,0.3635369800270858,0.17860506264048986,0.9128493667502676
0.18888278474836484,-0.0034134542063912754,0.137550241958875,-0.047200606948923064,0.365304509742577,0.17562004426358968,0.9129525277462369
0.18788801156810364,-0.003960564848347836,0.1374227735127722,-0.04669977603906193,0.36513954018672734,0.1752646634623398,0.9131125586977542
0.18734434210984063,-0.0043598133296964825,0.1374506308706861,-0.04596488135101336,0.36251566137660757,0.17481163897968005,0.9142814204698169
0.18622208978652566,-0.004820018251809222,0.13782841965245896,-0.04451809750310991,0.3595848598622845,0.17297016882817576,0.9158592622494338
0.18544638727311125,-0.00510694986579896,0.13804230018124075,-0.04398357558096846,0.3646982633830937,0.16982697603644828,0.9144503376207942
0.18497619719263392,-0.005325666435788579,0.13807720108880894,-0.04456941971734239,0.364637893345898,0.17054571967650767,0.9143122721818553
0.18451522278778698,-0.005711497975462665,0.1381459013446813,-0.045640054141977214,0.36788323737544554,0.16952462910515964,0.9131485690964187
0.1836254078311691,-0.005869027058646337,0.1383737450487783,-0.0465518352602507,0.36291365254043073,0.1710899371801719,0.914797704866683
0.18319970451190704,-0.006176627811866009,0.13838559434166275,-0.045421235262947106,0.36184709446844704,0.17082341750202487,0.9153266912118644
0.18280439442144292,-0.0063842376326312955,0.13831706093710638,-0.04431858463494062,0.3602809041999821,0.17007820867045012,0.9161369635923713
0.182353623722036,-0.006557434057534284,0.13824851625332524,-0.04441902583568611,0.36103308989870186,0.1685711838468095,0.9161145201984792
0.18201016393876468,-0.006702268097612096,0.1379442231097987,-0.04433544223766114,0.3601804681257996,0.1689020195030148,0.9163932053164046
0.18194722468946445,-0.007020116521544217,0.13767645150827768,-0.04191282991406694,0.3602559978539696,0.16880138206446058,0.9164960578813
0.18182682348637413,-0.007291844839287798,0.1375158284159299,-0.04116134399087455,0.36203037905418023,0.16764053490743405,0.9160438851161559
0.18191831416783288,-0.007251114561806826,0.13746646036099086,-0.041054971859571916,0.3636069048757969,0.16650580106516816,0.9156311081564996
0.1818703995494687,-0.00738747771912851,0.13739714010882687,-0.039735366747274556,0.36390939189216637,0.16583246331409912,0.9156913504196221
0.1816155204837102,-0.007566845467814387,0.13733210550819264,-0.038470418289841206,0.3636028974040746,0.16512076402663164,0.9159956840527297
0.18123875944135337,-0.00800661413369852,0.13749172940986232,-0.03804151352959326,0.3620569136871835,0.16440065366879836,0.9167551797360955
0.18093692224478686,-0.008367975136866379,0.1378662479741396,-0.03400772165840754,0.35731285431147936,0.1662809577545774,0.9184343428354627
0.18069023978587107,-0.008861317896796672,0.1382589218629282,-0.029944936770939998,0.35609472281940047,0.1648965358802994,0.919298091805175
0.18040383383245207,-0.009143280428403289,0.13838889423439715,-0.028151249265068345,0.3566082245357957,0.16389993937033845,0.9193339389104717
0.1799662493791243,-0.00944573101763857,0.13864219888846907,-0.024680900042046965,0.35711523115331206,0.16313053265023056,0.9193736966917658
0.17965042712443124,-0.00969677190077678,0.1390475663560693,-0.023992621347090685,0.35659926763604893,0.16126587964954864,0.9199209925331555
0.17889019006321738,-0.00994031970345155,0.1394493594082331,-0.02365405722077981,0.3551740959899817,0.16157607232354892,0.9204265424069379
0.17767383865936037,-0.01081535130302469,0.1400552707208289,-0.020402731423298504,0.34760292998460474,0.16394591120542198,0.9229721934140869
0.17730116382830963,-0.010855987338509676,0.13984976397042004,-0.02024264858019524,0.3453387028604858,0.1644246496618024,0.9237401961962516
0.17687943275250362,-0.011219706846216981,0.13988026178610002,-0.02009385081267986,0.3466050176653641,0.16446945198481105,0.923261067224502
0.17671886961896577,-0.011189807875953361,0.13956528024460702,-0.02052601283964809,0.34933551769006893,0.16461685455582384,0.9221955704042744
0.1768441333899219,-0.011241034108385284,0.13944522748163346,-0.02048503314376368,0.34774603596897574,0.16643668939355274,0.9224705341140588
0.17704458839048676,-0.011266057210518099,0.13918253889050658,-0.021757271894696333,0.3484884710592727,0.16645808172529536,0.9221573150427239
0.17711104960039858,-0.011783903133059326,0.1387322222183931,-0.023387895630339085,0.3500436916653117,0.1649918841406647,0.9217917869188346
0.17786401836542698,-0.013315679552517334,0.13748165908108623,-0.025482769452012343,0.3480930092600579,0.16469546907542332,0.9225276623664784
0.1788768250013284,-0.014429172930971346,0.137581019501966,-0.030045388235402485,0.3525516560416368,0.16542333878689874,0.9205648936672951
0.18098309020969372,-0.013998351286662825,0.1388181057805341,-0.03070695123408934,0.3502296712419428,0.16414205651918776,0.9216580959386836
0.18309628942275746,-0.012944935552656078,0.1401824420513592,-0.03527979627526098,0.3539688332915845,0.16129198733954833,0.9205684634251977
0.18635093692142324,-0.011321147905697826,0.14230146985283487,-0.039896034570326915,0.3535587282274429,0.16203615865199442,0.9204068749249226
0.19058962413978753,-0.010308507126481237,0.14401034576432925,-0.04371607814714163,0.34529268520222933,0.16328842428560228,0.9231461187437189
0.19412735400896175,-0.00968975794003768,0.14442005472926245,-0.04364573437091296,0.3473447230844532,0.1591611497331918,0.9231004396230221
0.19840175681492578,-0.008845349611549702,0.1444517079842924,-0.04935893550845051,0.34531185211792714,0.1587688426225523,0.9236427203657563
0.20594979620764908,-0.0075301710313187,0.14480408749983742,-0.053184755215086955,0.33859957104947275,0.1557355853042107,0.9264276225198487
0.2136444434495448,-0.0057592475721754965,0.1467008177768091,-0.056330876224762995,0.3377885950980604,0.15978441259836879,0.9258480646931349
0.21830574407088887,-0.003897106273822004,0.1488734368386212,-0.05868484486946055,0.34016743788182585,0.1614718873369057,0.9245371992448
0.22324884224282981,-0.0022968216482026627,0.15066924847293706,-0.06046675316368265,0.340144007366803,0.15978363831531703,0.9247242913112073
0.23205204437460203,0.00048652365816304055,0.1541458112407067,-0.061171825096218505,0.3405581965768597,0.15900438196337813,0.9246597909908048
0.23909916287671396,0.0013576117660063503,0.15588766497609152,-0.061165706707737376,0.33740084576840046,0.16229310571349242,0.9252461150610578
0.2529702361347428,0.0021666816207657202,0.15799068672811967,-0.06743877544453365,0.3375906879432855,0.1591366201176846,0.9252891845893589
0.27044684803322505,0.0014316233848408189,0.1596492940804357,-0.07287853493079005,0.33438156191238794,0.15949305233801248,0.9259803758478241
0.28348339516292853,0.0007549778716144928,0.16129552641699774,-0.07153558926701424,0.32743608769636173,0.16534984924254845,0.9275385141856849
0.29834577416983266,-0.0002439360139914193,0.16336852511011413,-0.0765719211813745,0.32310240464856266,0.16951715268368486,0.9279038268823586
0.32330673860346804,-0.0004609234962977826,0.16958729083158586,-0.07749430813144328,0.3208296618361295,0.1865083101608494,0.9253526952110143
0.35424887900671487,0.0009063931841208905,0.1793549349908813,-0.0888656722200157,0.3047390874792555,0.22035528114616734,0.9223234416050526
0.3771536311857113,0.002693747705048377,0.1872830504683669,-0.08451547488187357,0.29801347400985745,0.2439380070097627,0.9189882222042742
0.4020461127693449,0.0048027877556244825,0.19651992027577148,-0.0880720559620922,0.28589151982333283,0.2760672514262637,0.9133981741506073
0.44276027463867473,0.0077117337930527885,0.21245291918344544,-0.09137258305596142,0.2736612032633284,0.32231306943076143,0.9015957420974602
0.48572328434427425,0.011484268814952792,0.23093452318497898,-0.09489346140726314,0.2591960775550238,0.3650720423512721,0.8891203676981589
0.5140223710223852,0.015003667643049834,0.24349527442791974,-0.10636389305587211,0.2445997176236575,0.38840379337845476,0.8820431926394833
0.554951711290097,0.02175898028666845,0.2617716875843329,-0.1252002556675965,0.2231627356017142,0.4160150256219613,0.8726137678700049
0.5811722872323778,0.027904647522684956,0.2744783491994105,-0.14266772185259258,0.21754138979117896,0.42698047864316235,0.8660307937520291
0.6044900569226636,0.03436303905571214,0.288020014694674,-0.1569846984829566,0.20214645928799163,0.43859161633727956,0.8614696788153348
0.6367577132521985,0.04399646716536165,0.308841865765796,-0.1681167174461533,0.17111391024525785,0.45752812922115377,0.856227078529463
0.6576218122908905,0.05340999157470194,0.31858409766313867,-0.17876036874571755,0.160369805381166,0.45688914696319693,0.8564920101642188
0.6885944514025041,0.06768070929234504,0.3302242776507457,-0.19299906073757742,0.14496738507954376,0.4500229152700294,0.8597762473745574
0.7176565885870108,0.0818236954574223,0.3388545556145023,-0.20839200592842322,0.13926155657704362,0.43347825918009336,0.8656070641711877
0.7385612669209451,0.09290310564479154,0.3382082812797095,-0.22925017196525907,0.13523636653866755,0.4116483076703417,0.8716083722701738
0.7599081127547046,0.10480267173731694,0.3319662623585802,-0.24175483640582351,0.10534737355177728,0.39347842175886083,0.880699302583062
0.789637401288727,0.12001598363749544,0.3104591132967973,-0.25013577888572347,0.02409978864402746,0.36981727224643224,0.8944755320615282
0.8139749942234884,0.1304306834160187,0.2784128697205279,-0.24776991147890084,-0.06082170511134056,0.3519760728019893,0.9005685067378136
0.826974932061117,0.1348815972989339,0.2565021223597911,-0.2555396362523208,-0.10384129364562639,0.33474864717864544,0.901032642721728
0.8396235702089307,0.1376780477926185,0.22806369175397678,-0.2720501796819064,-0.1578872356571141,0.3201047549887722,0.8936404569988846
0.8451847276149127,0.13941235407517705,0.21022459143643202,-0.28933707205533726,-0.21174223088798053,0.3139382703688012,0.8791427920371475
0.8511488808153017,0.14180530071398434,0.19453079850103372,-0.3051518574452705,-0.24367509696166628,0.3017066074184875,0.8697573880447642
0.8549219876577138,0.1423825674491559,0.1756332772673752,-0.31692503051348764,-0.2954719199112596,0.29291590192576783,0.8523233799309937
0.8530044925574508,0.14054192397929466,0.16574242979639875,-0.3208173038843498,-0.3061416346012405,0.294143651858374,0.8466599489544058
0.8442450042119747,0.13638532906546175,0.15277922442544878,-0.32841502787023824,-0.32011229510491973,0.29167903871020856,0.839401588257218
0.8367831064666686,0.13097756316712483,0.1440092757558198,-0.3287544418671457,-0.33087106886483364,0.2939215485839308,0.8342990926633493
0.8263682729305224,0.12367567499506316,0.12831813571937578,-0.33375830801236317,-0.35154836108608295,0.2985002422622474,0.8221415614234528
0.8194802192696462,0.1190165760805586,0.118433719775355,-0.346840691208043,-0.36073312751131703,0.2925920752661477,0.8148392621429578
0.8095828226863799,0.11238785319407762,0.10794925536780198,-0.34259549150536206,-0.37276043309205686,0.297070210129604,0.8095846336083551
0.8033165654218754,0.11087040523149061,0.10256879768659777,-0.3375848418660759,-0.36478835007642135,0.29562733397780533,0.8158249895632972
0.8016196136882483,0.11066931187102336,0.10177803584638823,-0.3307697993533417,-0.3685084386798063,0.29843761842873767,0.8159214780627513
0.7992086746046521,0.11135982667745203,0.10241682979867817,-0.33636190088777,-0.36427830067901623,0.2939922301004353,0.8171478201195589
0.7986807374655837,0.1112927835599038,0.10277042153906124,-0.3344266126437406,-0.3627004781005032,0.29392595619427064,0.8186664377001073
0.7977866046788398,0.10980488484225126,0.1029710510236932,-0.33715135445677114,-0.3580348067197614,0.2912813807184495,0.8205456712528935
0.7966895877013941,0.10741772367961233,0.10285199417064694,-0.3401262945904026,-0.3471780708343749,0.2881743908212719,0.8250678828646243
0.7939004792384684,0.10003586651285978,0.10223078254904006,-0.3426460768481345,-0.3474521069769009,0.28768581288520023,0.8240798337797596
0.7927048123424917,0.09236137739155481,0.1003408097630194,-0.3446112044594365,-0.3462671358031767,0.28680794034290685,0.8240651635519732
0.7910678435659202,0.08278583241121251,0.09613197456572109,-0.3453439986704113,-0.3486465671174875,0.2845712213383966,0.8235303964065295
0.7875830456902394,0.061267089019626964,0.08887169538072748,-0.3511271990426012,-0.3383441704213684,0.2746703068560095,0.8287274189780371
0.7860229346011481,0.04657012034174235,0.0849732727008442,-0.36720396429077223,-0.2980176387960476,0.25844738977604303,0.8423489076941454
0.7821064046552396,0.022176971542832824,0.07789237066832522,-0.37137610903635315,-0.23705420189255882,0.2410313523708605,0.8647479275351718
0.7767949396891088,0.002981227197683234,0.0727700836436529,-0.37263620533865033,-0.2092720800835743,0.24558779356651186,0.8700770601615915
0.7696850484836848,-0.0270360627551125,0.06542284348249328,-0.38812899991452005,-0.17893950505592982,0.24963190934582002,0.8689191232744585
0.7573374610467047,-0.05628534795312601,0.05424699548415657,-0.3969278183348975,-0.18671015016068496,0.22654988581664515,0.8696337022536202
0.738495078915681,-0.07620608899857206,0.04465604914663324,-0.3959022364717298,-0.206213517973596,0.20925585801789268,0.8700283846213476
0.7018748678586576,-0.09902012484587353,0.03657754594237017,-0.4011827365938956,-0.21687407760090013,0.1924338484795066,0.8689000289349507
0.6024047964318003,-0.1407607454962403,0.03482168106819761,-0.40807904189382727,-0.23146772834997584,0.1764087958554593,0.8653173539484486
0.4344470139814257,-0.19128669416990896,0.03726855727635814,-0.42119149382690607,-0.23946999304496538,0.20256765784253697,0.8510101009712473
0.29646107122268306,-0.22584037284619285,0.030925395259063904,-0.43027575645411353,-0.20180208180666953,0.24072148006236332,0.8462811957162465
0.08279495776719226,-0.2878242494060488,0.028196075201060045,-0.4277844334537234,-0.14490785962101665,0.27221485282635044,0.8496477297182998
-0.06433747642305232,-0.34641806566228706,0.01692376969883047,-0.43654752573660077,-0.12745924102216746,0.3267933603330616,0.828484459295122
-0.2889775740282478,-0.46173762080777303,0.0008637128856050502,-0.46012335568449203,-0.10809168980852145,0.44423704150278526,0.7610887826691664
-0.42915290329467753,-0.5489707697973869,0.003848092788374391,-0.4511280819649491,-0.11248026029374913,0.5267293198082226,0.7116093509512392
-0.5507714037930374,-0.6313974342634556,0.012856597595962138,-0.46943844994468353,-0.14020053172070576,0.5486047407585728,0.6774984804676565
-0.7239107035198029,-0.7551305734971098,0.05197161017662022,-0.44826458982678474,-0.15795290548556892,0.6551207097130355,0.5873045145928816
-0.8408514899783524,-0.8114814390940673,0.0982619687873656,-0.40864408511997397,-0.1703600149793301,0.7179848792317662,0.5371081736366036
-0.9635436916619008,-0.8612457591747495,0.10855885419603817,-0.4195701693023526,-0.22747568769741902,0.7248034883040172,0.49686576444801456
-0.9635436916619008,-0.8612457591747495,0.10855885419603817,-0.4195701693023526,-0.22747568769741902,0.7248034883040172,0.49686576444801456
-0.9635436916619008,-0.8612457591747495,0.10855885419603817,-0.4195701693023526,-0.22747568769741902,0.7248034883040172,0.49686576444801456
-0.9635436916619008,-0.8612457591747495,0.10855885419603817,-0.4195701693023526,-0.22747568769741902,0.7248034883040172,0.49686576444801456
-0.9635436916619008,-0.8612457591747495,0.10855885419603817,-0.4195701693023526,-0.22747568769741902,0.7248034883040172,0.49686576444801456
-0.9635436916619008,-0.8612457591747495,0.10855885419603817,-0.4195701693023526,-0.22747568769741902,0.7248034883040172,0.49686576444801456
-0.9635436916619008,-0.8612457591747495,0.10855885419603817,-0.4195701693023526,-0.22747568769741902,0.7248034883040172,0.49686576444801456
-0.9635436916619008,-0.8612457591747495,0.10855885419603817,-0.4195701693023526,-0.22747568769741902,0.7248034883040172,0.49686576444801456
-0.9635436916619008,-0.8612457591747495,0.10855885419603817,-0.4195701693023526,-0.22747568769741902,0.7248034883040172,0.49686576444801456
-0.9635436916619008,-0.8612457591747495,0.10855885419603817,-0.4195701693023526,-0.22747568769741902,0.7248034883040172,0.49686576444801456
-0.9635436916619008,-0.8612457591747495,0.10855885419603817,-0.4195701693023526,-0.22747568769741902,0.7248034883040172,0.49686576444801456
-0.9635436916619008,-0.8612457591747495,0.10855885419603817,-0.4195701693023526,-0.22747568769741902,0.7248034883040172,0.49686576444801456
-0.9635436916619008,-0.8612457591747495,0.10855885419603817,-0.4195701693023526,-0.22747568769741902,0.7248034883040172,0.49686576444801456
-0.9635436916619008,-0.8612457591747495,0.10855885419603817,-0.4195701693023526,-0.22747568769741902,0.7248034883040172,0.49686576444801456
-0.9635436916619008,-0.8612457591747495,0.10855885419603817,-0.4195701693023526,-0.22747568769741902,0.7248034883040172,0.49686576444801456
-0.9635436916619008,-0.8612457591747495,0.10855885419603817,-0.4195701693023526,-0.22747568769741902,0.7248034883040172,0.49686576444801456
-0.9635436916619008,-0.8612457591747495,0.10855885419603817,-0.4195701693023526,-0.22747568769741902,0.7248034883040172,0.49686576444801456
-0.9635436916619008,-0.8612457591747495,0.10855885419603817,-0.4195701693023526,-0.22747568769741902,0.7248034883040172,0.49686576444801456
-0.9635436916619008,-0.8612457591747495,0.10855885419603817,-0.4195701693023526,-0.22747568769741902,0.7248034883040172,0.49686576444801456
-0.9635436916619008,-0.8612457591747495,0.10855885419603817,-0.4195701693023526,-0.22747568769741902,0.7248034883040172,0.49686576444801456
-0.9635436916619008,-0.8612457591747495,0.10855885419603817,-0.4195701693023526,-0.22747568769741902,0.7248034883040172,0.49686576444801456
-0.9635436916619008,-0.8612457591747495,0.10855885419603817,-0.4195701693023526,-0.22747568769741902,0.7248034883040172,0.49686576444801456
-0.9635436916619008,-0.8612457591747495,0.10855885419603817,-0.4195701693023526,-0.22747568769741902,0.7248034883040172,0.49686576444801456
-0.9635436916619008,-0.8612457591747495,0.10855885419603817,-0.4195701693023526,-0.22747568769741902,0.7248034883040172,0.49686576444801456
-0.9635436916619008,-0.8612457591747495,0.10855885419603817,-0.4195701693023526,-0.22747568769741902,0.7248034883040172,0.49686576444801456
-0.9635436916619008,-0.8612457591747495,0.10855885419603817,-0.4195701693023526,-0.22747568769741902,0.7248034883040172,0.49686576444801456
-0.9635436916619008,-0.8612457591747495,0.10855885419603817,-0.4195701693023526,-0.22747568769741902,0.7248034883040172,0.49686576444801456
-0.9635436916619008,-0.8612457591747495,0.10855885419603817,-0.4195701693023526,-0.22747568769741902,0.7248034883040172,0.49686576444801456
-0.9635436916619008,-0.8612457591747495,0.10855885419603817,-0.4195701693023526,-0.22747568769741902,0.7248034883040172,0.49686576444801456
-0.9635436916619008,-0.8612457591747495,0.10855885419603817,-0.4195701693023526,-0.22747568769741902,0.7248034883040172,0.49686576444801456
-0.9635436916619008,-0.8612457591747495,0.10855885419603817,-0.4195701693023526,-0.22747568769741902,0.7248034883040172,0.49686576444801456
-0.9635436916619008,-0.8612457591747495,0.10855885419603817,-0.4195701693023526,-0.22747568769741902,0.7248034883040172,0.49686576444801456
-0.9635436916619008,-0.8612457591747495,0.10855885419603817,-0.4195701693023526,-0.22747568769741902,0.7248034883040172,0.49686576444801456
-0.9635436916619008,-0.8612457591747495,0.10855885419603817,-0.4195701693023526,-0.22747568769741902,0.7248034883040172,0.49686576444801456
-0.9635436916619008,-0.8612457591747495,0.10855885419603817,-0.4195701693023526,-0.22747568769741902,0.7248034883040172,0.49686576444801456
-0.9635436916619008,-0.8612457591747495,0.10855885419603817,-0.4195701693023526,-0.22747568769741902,0.7248034883040172,0.49686576444801456
-0.9635436916619008,-0.8612457591747495,0.10855885419603817,-0.4195701693023526,-0.22747568769741902,0.7248034883040172,0.49686576444801456
-0.9635436916619008,-0.8612457591747495,0.10855885419603817,-0.4195701693023526,-0.22747568769741902,0.7248034883040172,0.49686576444801456
-0.9635436916619008,-0.8612457591747495,0.10855885419603817,-0.4195701693023526,-0.22747568769741902,0.7248034883040172,0.49686576444801456
-0.9635436916619008,-0.8612457591747495,0.10855885419603817,-0.4195701693023526,-0.22747568769741902,0.7248034883040172,0.49686576444801456
-0.9635436916619008,-0.8612457591747495,0.10855885419603817,-0.4195701693023526,-0.22747568769741902,0.7248034883040172,0.49686576444801456
-0.9635436916619008,-0.8612457591747495,0.10855885419603817,-0.4195701693023526,-0.22747568769741902,0.7248034883040172,0.49686576444801456
