-0.702973639701382,0.8441884848848485,1.1252007092824332,0.15396056817401885,0.7349236036523754,-0.2508574099969366,0.6109451694643051
-0.6448234454149151,0.8400273878511556,1.136447750057732,0.13556647177425357,0.7213240633394056,-0.23497930222034533,0.6372582325135152
-0.5071109935791009,0.8365527930051374,1.181871354137921,0.08834632699731446,0.709243158218902,-0.12171884072974612,0.6887333249067942
-0.42195181313418045,0.8369860771927906,1.1946903448949997,0.08430333312147884,0.7551344115012807,-0.0026444054689708746,0.6501215084204945
-0.25607915370241746,0.8306311050113337,1.1878905225938827,0.05129280059533509,0.7355806168987977,0.08651939561941208,0.6699288013151271
-0.12845284706234963,0.8267904449438152,1.1793876127032834,0.0012394280769817852,0.6778295207319983,0.10891299494929135,0.7271062949620551
0.06782568199332098,0.8005907681962754,1.185965483968651,-0.05209476970376661,0.538284308687809,0.034358121352228786,0.8404496757612229
0.20219578099599847,0.7509879125740595,1.1549793840551503,-0.06518845662439199,0.6210963464690157,-0.07347074765129367,0.7775550416307068
0.39467581137713126,0.616912769330088,1.0802139332085627,0.008900890633191723,0.6392359012729938,-0.33311758669883157,0.693059095677696
0.5073109549750836,0.5173371777456431,1.0212407608513976,0.05928829072590837,0.6567899559286215,-0.4687138059195348,0.5877237620808812
0.6710812340964994,0.4004501574230626,0.9623293478354791,0.0994909962512062,0.6531574232865808,-0.5672975246034013,0.4915897076317099
0.793910325515134,0.35331889589708154,0.9328782421864633,0.034932869367310014,0.620412599517334,-0.5978809961237153,0.5063656934193158
0.977020169937519,0.3085653374981524,0.907191893376484,-0.09999292300963328,0.5281870771946066,-0.6421371617317667,0.5465159580064238
1.090717518854657,0.29270013449068916,0.9023056344329088,-0.18617531678512508,0.45682356666295687,-0.6543936196597994,0.5730793757498512
1.267973968160351,0.3002132899136775,0.9041256185388477,-0.21982319263235847,0.3512255664177848,-0.6421256880478684,0.6449751671378324
1.3854374854611258,0.32383007366683014,0.8986150152103124,-0.18022203528818379,0.3293203108647511,-0.6413260668913154,0.6691554578528403
1.5449070089814148,0.3915278023217019,0.8881587007799618,-0.14888745828499866,0.2824163271172814,-0.6198705484866321,0.7168221858047499
1.6332649461556168,0.45797812349263506,0.8884523393090609,-0.1718596315905518,0.2746935136380334,-0.5661707326029344,0.7579303676054997
1.7479996238056144,0.5865467275891046,0.9040615163520619,-0.2789924526148188,0.21501065801470573,-0.3982572299685066,0.8469502978934853
1.8116308625322952,0.6689801022982955,0.918240429060027,-0.34446839194057427,0.21189349128928983,-0.32555178108873994,0.8546687739311994
1.8962957410104928,0.784908901517358,0.9043880840563389,-0.46590451670813754,0.20801718586768492,-0.2560092550339498,0.8210487762804399
1.9390915325403133,0.8637795985281838,0.8840092918938932,-0.5325718189423242,0.11103138468525633,-0.19737733657591255,0.815525276303278
1.9667529811676296,0.9865478672059594,0.8642265748979738,-0.577955657513408,-0.010129926469713287,-0.09309878395032122,0.8106770373983303
1.955832744322451,1.0632787696519512,0.8707358105781727,-0.5565136841132932,-0.020839750349983862,-0.00044600037921602056,0.8305769231586331
1.937897925916864,1.1489469697867263,0.8946588524011143,-0.5080229426130118,0.016666189040057983,0.09745183408430803,0.8556506693477789
1.9475831667900456,1.1792282853664853,0.9040625629074795,-0.47318472396950495,0.08134912297017939,0.0694918785274689,0.8744423457339023
1.9690914976004306,1.1821536769759216,0.8899875942306599,-0.4893830700248736,0.05645712565005108,0.06930882715652888,0.8674751236862936
1.980011727420422,1.161373871314687,0.879302698258432,-0.5221542915148383,-0.031119570091337097,0.11968133195101065,0.843838163981933
1.9898031322008392,1.1247396765985902,0.8705999888821074,-0.5390423813287464,-0.10152916870654821,0.1783964792710172,0.8168842238756342
1.9956545301597455,1.1100830843744394,0.8653767847099264,-0.5337616094669876,-0.09481136867255767,0.1773218530189765,0.8213807333213776
2.0026397425200333,1.0973793917506782,0.866046671966104,-0.5174494257665256,-0.06431741181474844,0.13826329537472518,0.8420169971345391
2.002183704649595,1.0862553679920814,0.8688162696691673,-0.5266839133573356,-0.05787216033553529,0.13419736892915535,0.8374042838684269
1.9991331724394512,1.0708031874843271,0.8729334093285316,-0.518773601117861,-0.0561678130212254,0.1510035919491261,0.8395933794296385
2.0013763302592675,1.0630735495396528,0.8723627028870765,-0.5190570944522668,-0.05615758272523477,0.14989644563522198,0.8396172426690367
2.0028281039058458,1.0601947251411383,0.872190326400539,-0.5277867980629518,-0.0769388588017429,0.15302292645009882,0.8319287780678044
2.002199710112502,1.0635799716710492,0.8702096087662641,-0.5281170428940101,-0.07406826514199488,0.1406405730637442,0.8341621606810292
1.9961860636559017,1.0721116668601676,0.8716446875691507,-0.5285125343877777,-0.08131269143998594,0.14209769928409532,0.8329891902443637
1.9906456216558832,1.0787175984109583,0.8714931990139126,-0.5269829510843947,-0.06248419121721736,0.13242768830159465,0.8371664126596386
1.982922186138913,1.082852672603723,0.8702315976112812,-0.5272343842766334,-0.05232516681173133,0.13051175551704403,0.8380051686155779
1.9803233829913094,1.082928991214723,0.8703773659610331,-0.526952615375783,-0.05746059262773179,0.1376689462710152,0.8366997565890171
1.9793862976720809,1.0836122181781318,0.8695604227016629,-0.5265428356161128,-0.053224416895441135,0.13910543004095255,0.8370002885546726
1.9811618668492943,1.0837131740459787,0.8681619004339551,-0.531544328700509,-0.0629934273254898,0.138134465894498,0.833313460873011
1.9812238050571016,1.0837324776266555,0.8680907241633549,-0.5314600580164388,-0.06231227002571367,0.13902749478977713,0.8332699103111095
1.9811898227522604,1.084134072391763,0.8676127714513201,-0.5304375161177158,-0.06058375429501205,0.13911140837387193,0.8340345713881574
1.9814435362143703,1.084127768813423,0.8677055583658237,-0.5305015503791015,-0.05906555714051792,0.1371570483751543,0.834426335326292
1.9815198434920684,1.0838836211034728,0.8681103356652966,-0.5309600937592569,-0.05607934352542738,0.13578855946871804,0.8345645290702982
1.9817339458596797,1.0834057993109534,0.8685423467817962,-0.5288403106852329,-0.051505566255788476,0.13422437007790752,0.8364561679587317
1.981308774434173,1.0833468860583142,0.8697783267829633,-0.5192760693102471,-0.04581291726605502,0.1384458722545798,0.8420726102355673
1.9793617692340815,1.0842883633626201,0.871167866946882,-0.506867245091639,-0.03737125884576125,0.14498417330514216,0.8489220072282966
1.976603883483396,1.0862852121923443,0.8730727656011323,-0.4990070305328495,-0.027344962556803114,0.14615074095414493,0.8537471507537283
1.9702519905840932,1.0912729482556336,0.8760410111853638,-0.483075696495267,-0.018442638929340102,0.1467741933783364,0.8629919331506369
1.9641466174012348,1.095392318826902,0.8774804532699754,-0.4809484301535874,-0.008266675913314633,0.14608574189456686,0.8644531367386309
1.9518947498969086,1.1020092450300163,0.8796187013488276,-0.47544947121212977,0.014826183848958209,0.13686606786351982,0.8689048647948528
1.940703426089611,1.106493506107725,0.8815455779983742,-0.4694568175548205,0.031356723231886464,0.1375926992504221,0.8716050145980355
1.9200422135213664,1.1145551764355401,0.8850894599573885,-0.47118027689593656,0.05770402787314865,0.13863690638222528,0.8691600543169535
1.9048060854373998,1.1221246281976696,0.8889816719042372,-0.4642089947250377,0.07827743805260985,0.13687721780268758,0.8715774659517566
1.881455981308749,1.1346456148401232,0.8958428537780058,-0.44632063154583346,0.09768497243864353,0.14424165552877746,0.8777527469774773
1.8666059535416943,1.1421087283213034,0.9011324973190347,-0.4229437213491225,0.11662538034622634,0.15023779861579117,0.8859716322194153
1.8450780897801857,1.1500926545726362,0.907987196607211,-0.39133022611295654,0.14851389893825967,0.1492963753115462,0.8958319419798407
1.83017043973635,1.1538571234245576,0.9122103060061059,-0.3673052376621629,0.1703978061520751,0.14898643123110528,0.9021388437228058
1.8046745306622494,1.1584834505170383,0.917200814575074,-0.3474463478597532,0.20603097479577895,0.14265430425443698,0.9035939476674814
1.7816165713620777,1.162084211624982,0.9213209986359092,-0.3396740644649413,0.2230593675376369,0.15050381280855338,0.9012295217166736
1.7434004385619726,1.1683209788344335,0.9310041471383648,-0.3159000959534537,0.2546436314004766,0.15723291781613313,0.9003563516290659
1.7183484509273248,1.172496738576604,0.9375841223400925,-0.3013666565080794,0.2760625625626726,0.1604012034697076,0.8984648317112591
1.6845171811641915,1.177212467160016,0.9466697325567548,-0.26797178349895856,0.2999222918311336,0.15857311465865206,0.9017163131598549
1.6655319426412303,1.1799051102770077,0.9512441992339418,-0.24520234368156582,0.313780289302794,0.14816991293518197,0.9052421872620071
1.6407265056933533,1.1832139801791772,0.9562542093681056,-0.2162603696951539,0.3341048748110047,0.1338316607849312,0.9075761520106097
1.6267272711067502,1.1857390789331432,0.9595642920602205,-0.19698597286954722,0.34562917913814295,0.1235121705724975,0.9091104117440311
1.6083862697581945,1.1911383939820699,0.9639921897351912,-0.1674133242461384,0.36132577008372785,0.11120516951403904,0.9105217608665991
1.5960998348860282,1.195225105505714,0.9651220635508282,-0.13550285071171503,0.3723865483944579,0.10335846620833539,0.9122961490036671
1.5779534595660458,1.2016070794460938,0.9660556238690776,-0.10843150667129837,0.38515858856026947,0.0947322074512148,0.9115488351650027
1.5658833913914019,1.2057257181666425,0.9657089143811579,-0.09513553460739366,0.39343913968622957,0.08982255655952959,0.9099927371968608
1.549180152195149,1.2111521164208712,0.962292889791674,-0.07919183267552343,0.39942171111293756,0.07428192634188373,0.9103148607751298
1.5395091819860072,1.2136923895834828,0.9574550216251362,-0.0654154053018593,0.4051961860289601,0.05574140690931868,0.9101811748946183
1.5248536058153122,1.217069304937335,0.9512156382048187,-0.05190928767004893,0.41167735190732896,0.02662694647881134,0.9094603836898955
1.5142339087671493,1.2208812824216981,0.9496303300183732,-0.04011083802614707,0.41571855795199497,0.01891631960406917,0.908411456389554
1.4982509573595995,1.228819752636762,0.9487037593634629,-0.031851769411813974,0.408984223105678,0.01588131692077247,0.9118471109834387
1.4882470850092033,1.2339276990680283,0.9478613393236827,-0.02685014623882597,0.408856162545667,0.012973280895008762,0.912111507425602
1.4759206585121285,1.2396991972664544,0.9459210870058544,-0.013492739396373585,0.41148150031759795,0.009679231907362949,0.9112668288430363
1.4698340431880936,1.2420666098634017,0.9438044213944781,-0.011930522720447239,0.40499439142471005,0.006293194462256117,0.9142196679385135
1.463525030368617,1.2436954746044613,0.940920741446816,-0.000594982312908679,0.4004471119850584,0.005577889371564175,0.9163027030676227
1.4600703981382066,1.2451558530427582,0.9407587297882289,0.010526642643254596,0.39081394882575865,0.009193744980680723,0.9203635815541099
1.4549915131828788,1.2482241817857245,0.9420926304803592,0.022827706566491666,0.38217297064705563,0.008665764045995306,0.9237681640180171
1.4519429304879492,1.2511179353380533,0.9438690681076692,0.028254861956261545,0.3764271855416249,0.004781363240753923,0.9260029024396218
1.4492242967356526,1.2548972598489487,0.9472245912133384,0.03314452157166798,0.36177076888754695,-0.004755914074688242,0.9316655691553769
1.4468006803695423,1.2567321881221953,0.9490012906498395,0.031105109458457826,0.35529666934242937,-0.004416779528232585,0.9342254765196423
1.4434641810241422,1.2571703810296257,0.9495379414568911,0.029568244418400075,0.3477423089941413,-0.004858917282451463,0.9371111974468553
1.4415987984160408,1.2564255398228288,0.9483132820960192,0.029409995268456366,0.35007819806838003,-0.008424560364682546,0.936220772146275
1.439246062717077,1.2549829772501526,0.9473182284534096,0.025312317375024283,0.35069789675566315,-0.01877662841797624,0.9359581774980725
1.438404153643025,1.254833755774062,0.9472156704521175,0.02631840187697566,0.35161754340046236,-0.028732771130418732,0.9353324931588942
1.437400075428075,1.2554760781306145,0.9471382778856164,0.022394713691338962,0.35327974118900374,-0.04001354970826369,0.9343932882378051
1.4368900349960751,1.256032889258524,0.9469773845818403,0.019311419993705815,0.3499177366728571,-0.04029057891396875,0.9357143345435877
1.4365435728492668,1.2573892094365542,0.9465822752019519,0.014615795877799022,0.3502249932786365,-0.0408211471280172,0.9356615128031025
1.4361193443035123,1.2582164654508108,0.9459937057922579,0.012253703678760525,0.35328269120191474,-0.04404669064677321,0.9343987777637304
1.4347058495261444,1.2590922300204566,0.9459325825493688,0.014023437245068104,0.35829028890633874,-0.041705511618035866,0.9325728188103725
1.4342103561603037,1.2594715704941264,0.9454191450168993,0.012392584693766927,0.35262892283532765,-0.04072216894788964,0.9347946146511457
1.4326504600034144,1.2602080359050187,0.9456098474088045,0.01741125669044445,0.35348072305036643,-0.047131651316522284,0.9340914484227052
1.4310720821795069,1.2610366811273221,0.9465305897016719,0.01556567244901624,0.3472800266223685,-0.04467453176709372,0.9365673916818629
1.4297730236551727,1.2618483691897773,0.9469040900193025,0.017029954947072684,0.34637109899081603,-0.04367415897053329,0.9369256161812483
1.4296189631681688,1.261855314598887,0.9463550365210702,0.016524338554558423,0.3479707919751691,-0.045580523935156304,0.936250869161308
1.4289356948665002,1.262081518367933,0.9459416201374222,0.015173972618864842,0.34611982546009634,-0.04667407362332164,0.9369057304925823
1.4289906664633143,1.2621746526148518,0.9455928747711704,0.013256649283280967,0.34547115866626515,-0.04682181568367641,0.9371668247199386
1.4285910276875298,1.2625597501304104,0.9451982352717762,0.013071079237568724,0.34512484573711705,-0.0491310530378268,0.9371788129113305
1.428582155681008,1.262404045891526,0.9447405534085518,0.011078002493035017,0.347590806738888,-0.04663778111838964,0.9364202188674305
1.428728182457359,1.262243470878732,0.9445626665946163,0.012470767189676069,0.3489533134178209,-0.04565137732593532,0.9359444517537726
1.4288696044981959,1.2619496196346427,0.9445729159881715,0.013448851719165194,0.3488076762990371,-0.04515210885130342,0.936009412564095
1.4298203324489205,1.2615803814524227,0.9446122104440392,0.01706893215009982,0.34888139815175295,-0.044402138235492175,0.9359587980776983
1.430891350333969,1.2615801055643454,0.9448273085078839,0.0185366817214309,0.3533583349157255,-0.04511369362846182,0.9342157316292322
1.4326716304639924,1.2613044838678378,0.9450142068570809,0.014812068678993026,0.35391851766443394,-0.046694587024231696,0.9339924523347579
1.4337307086040705,1.261484874609029,0.9459856168680677,0.015832554845727976,0.34916399469663423,-0.04583152252282877,0.9358062334467457
1.4357694593276074,1.2613295238443472,0.947259329874303,0.01315953885282702,0.3527123496826086,-0.044053612368554484,0.9346015750873927
1.4374731280627882,1.2606217922581766,0.9475468944698598,0.016219440349631634,0.3553221713808759,-0.04945863099654537,0.9332935915883446
1.4411907238156745,1.2587007564739692,0.9472092121959744,0.0115123656197861,0.3553112459870141,-0.04739849027079821,0.9334745668913754
1.4439833411335044,1.257557802095846,0.9465943863964877,0.011662401900574925,0.35985331296687617,-0.04953712945940373,0.931619908725439
1.4488330904036184,1.255616336826714,0.9463918542031959,0.00902405013784518,0.35795738167445645,-0.05004965990623398,0.9323519244186433
1.4526780473823973,1.2538136308035703,0.9459250956940402,0.009184566979346533,0.35336616832691786,-0.04566065725517259,0.9343249430419697
1.4586535803715812,1.2514107444405798,0.9452585909913959,0.012012378025861291,0.35481795572363406,-0.04564109044791179,0.933743440101718
1.4626565380589664,1.2498980458661892,0.9453997104179062,0.008156939119520463,0.35897449588968466,-0.043440898480858976,0.9323002005706761
1.4687855951246886,1.2471927270284564,0.9448257988929026,0.00669805816536792,0.35808359252480654,-0.04321163575090458,0.9326650155962068
1.4722133792883787,1.2453648572081935,0.944360172743446,0.008957372537621697,0.3576355698168566,-0.04554482362817696,0.9327069388182296
1.4769230641421445,1.2422248626253987,0.9448525083353597,0.00631841415982508,0.3628363932872503,-0.04295620139125979,0.9308407995521244
1.480653728226064,1.2402926629912765,0.9447601720623793,0.00530634932588146,0.3634402906168454,-0.04512503079783696,0.9305088550941731
1.4860901985707835,1.2392197433860155,0.9449011067234139,0.002812397420601474,0.3600814405441978,-0.04127377507246541,0.9320031770802241
1.4893665276755612,1.2387676709367517,0.9449331164455628,0.0013677949886533212,0.35963579898347414,-0.038154336245050366,0.9323113577834857
1.4948810609557188,1.2376912842120116,0.9453569612416186,0.005710270943930136,0.3662501600218367,-0.039007805879359994,0.9296809152446898
1.4985201579566,1.2368254118420736,0.9450431473369353,0.0032208346783819584,0.3616552758329279,-0.03415349917624433,0.9316805386934953
1.5032868002004507,1.2357726281049386,0.9448251655982842,0.0011651730882329164,0.3635825218974082,-0.029822308546026726,0.9310837889553124
1.5062959003581675,1.2348180454826794,0.9450541150332229,0.0011665931615459737,0.36120035797226385,-0.02784428628376785,0.9320716904736736
1.5113343082140953,1.2336538289391157,0.9445758924774865,0.0027059464220089043,0.36106370329483833,-0.02845252418520436,0.9321030704189684
1.5145913735339915,1.2330814517960849,0.9448071437201842,0.0005583789239568261,0.35689383911433126,-0.02648617139023487,0.9337692212427534
1.5196637486316888,1.2315116607853465,0.9456457633172607,-0.000930893096652733,0.3576717747217574,-0.021482835463260592,0.9335997658450271
1.52362309583157,1.2301480235243112,0.9460691915094769,0.0020555098507546747,0.36013585085887523,-0.021545789127064757,0.9326487671016884
1.5311870670212406,1.2272238944514968,0.9466017924148497,0.0008413669532181216,0.3559807374336015,-0.016929232387669715,0.9343395569966219
1.5365867434105769,1.2248795158709114,0.9476961349467157,-0.0015820980614941799,0.35853491642141244,-0.01177779816394084,0.9334406752133871
1.5462903974185755,1.2206826131815902,0.9508079551820071,0.002981532453370456,0.3612811030313393,0.0008814573025242435,0.9324517671653114
1.5541650916812138,1.2173526143372986,0.9535768439500943,0.004207693468033801,0.35593686089389287,0.019079367453958287,0.934305744448913
1.5693963145087642,1.2124516556689944,0.958602395999891,0.014282265679409382,0.3619300791926362,0.03608772404157934,0.9313969673754439
1.5817490583561058,1.2095334377666034,0.9634660833549867,0.021980256666045157,0.3653640162595216,0.049417644305756764,0.9292921501717727
1.6036034684093092,1.2049578938491243,0.9713191466235884,0.028638165271466356,0.3650431362704955,0.07969536895522754,0.9271310653401572
1.6194537184346713,1.2023795252255423,0.9760339594070079,0.028967843540853244,0.3627584206862856,0.08939563149192718,0.9271330073575981
1.641878903588313,1.200445769319807,0.9856508368789881,0.034786481518357684,0.35903010671784696,0.10101678396606928,0.9271908608969874
1.6553779580052865,1.1999231721798436,0.9946203732259365,0.03970857864173445,0.3605772442255474,0.11089742008065309,0.925261607302723
1.6735082350127994,1.1996080734416243,1.0081351637022404,0.04980331914118305,0.36301348581424053,0.1319344279079394,0.9210505660668802
1.6851546854016022,1.1995139711690512,1.0162572027059151,0.0503008747731716,0.3648753074603286,0.14088241235402665,0.9189602700291751
1.700036540777477,1.199151356070323,1.0287894378257503,0.07238694407229808,0.36488393722271256,0.15952327996887902,0.9144244997990245
1.7095883566803949,1.198750673713322,1.0384511539368622,0.08263004008329909,0.36241804180297926,0.1779816552201906,0.9111245633043857
1.7245109197147404,1.1982255187233743,1.0543985219017948,0.09369435370230494,0.3612935502040234,0.19809236885625675,0.9063375486352736
1.7349728500742947,1.1975040611864753,1.0642522996918398,0.10283301491732963,0.3623860810209315,0.2105845699328281,0.9020841636075366
1.7495501881955198,1.1964020444672974,1.0788064316718484,0.10722572005330391,0.3528018063170827,0.23273175741883853,0.8999274745818093
1.7586349310966938,1.196408584658248,1.0887495870475472,0.10681176043178392,0.3512703716589903,0.23752037566132575,0.8993244381054708
1.7727785543215209,1.1971386979203402,1.1054776188853097,0.10365248720523844,0.3447617716538079,0.23947431315181678,0.9016914860653621
1.7818340620124458,1.1974456960338784,1.1183869557508486,0.10192562051930475,0.344997147388674,0.24315053003235887,0.9008140518000456
1.7941070045714955,1.1979496571263946,1.1391451195808118,0.09769566259751919,0.343971765882087,0.24983804102829166,0.8998443949043279
1.8022218336704514,1.1983671988544478,1.1525546860400124,0.0971193091386145,0.3461437801651214,0.2538528578330292,0.8979482445082468
1.8126414787684153,1.198240147978843,1.173367707604324,0.09740483455762312,0.34966729167604055,0.2620373118334281,0.8941932288626746
1.8193527400220877,1.1979109876138463,1.1901047836171998,0.09406769138078752,0.34550170223522086,0.2681393664180154,0.8943607344733997
1.8295813032514208,1.196817097653753,1.2168501664998663,0.11404304658914227,0.3459482768129325,0.27075998776697224,0.8910684610731425
1.837427688299214,1.19579803494985,1.234568094529191,0.12470520591478952,0.3550524315962164,0.2723700083162279,0.8855512187362072
1.850026326160854,1.1947515141904184,1.2588262551312703,0.14185881487929225,0.37907729615802943,0.27082006630450467,0.8734030981542166
1.8586881858039623,1.1951095248688832,1.2739212515025027,0.15101814726658153,0.368714948760316,0.2653230953672597,0.8779786220754937
1.8715592059556632,1.1974358499948752,1.2961930258838208,0.15662299491741197,0.3815524159934459,0.26405319634140967,0.8718732137269443
1.8805124363476642,1.1986615173729365,1.3109000885582611,0.16710595055433167,0.3818150866258981,0.260813954491521,0.8707863814143432
1.8928914588370869,1.2010920573068218,1.3310248040236956,0.18723740229915065,0.3861322913491304,0.2542702814568234,0.8667125433069515
1.900519956513086,1.2034197004257474,1.344286718981452,0.1876276646264659,0.38512125840178196,0.25288109889102034,0.8674840780196005
1.9115063203477998,1.2062866747258267,1.364665398029861,0.20262308244002472,0.38972571755191804,0.2495711429332078,0.8630017358940583
1.9188577438557641,1.2071755414230982,1.3792443312654892,0.20652804977412917,0.3932760058340975,0.2502081883537405,0.8602767057013766
1.930198945304969,1.2067392503387577,1.401593979043018,0.21948155443572698,0.39539125206215764,0.24905868529760958,0.8564247639653016
1.9379638494261637,1.2057090182545462,1.416395306387341,0.2329306324085214,0.40302526409041556,0.24918628224561445,0.8492468155555404
1.9498676843065765,1.2046576353142762,1.4378264430000542,0.2481097347129019,0.41469958289644715,0.24875274772749306,0.8393973349875662
1.9582146750708918,1.2030938956030937,1.4509088704962418,0.2568122375209213,0.4191817234580638,0.24821204558767593,0.834700507849017
1.9705039759725276,1.2002336482284697,1.467595057459065,0.27013253175124846,0.4216769031975178,0.2463203105665427,0.8297850982042362
1.9788625008633596,1.1982653136230363,1.4767267265519097,0.27524556403230827,0.4191820274328151,0.24528279527227465,0.8296762366738429
1.9922381945860173,1.1954143542760844,1.4898510713075583,0.27207101089982927,0.4202488245615097,0.24547307248541833,0.8301272560078864
2.0012222489466134,1.1920035712272565,1.4982979604880393,0.2787359513973815,0.4214126968366762,0.24528842001999676,0.827376093048095
2.0155091718971785,1.184404836028673,1.5100703874980423,0.2915614207783482,0.4205939213610802,0.24166733841032648,0.8244328891871607
2.025789618459795,1.1780370230180266,1.517365332574473,0.29600614898478506,0.42390508884568945,0.2427078506984157,0.8208396521996735
2.0406307676356734,1.1677723722108095,1.5276155148015775,0.3099921423095731,0.41834297335061105,0.24145193219786298,0.8188986462269979
2.0507441177658747,1.1613511724887131,1.5323364748415182,0.3212869565501622,0.41523884699591834,0.23495974419282106,0.8180130256328921
2.063612788823199,1.1538781741874704,1.5368801145112114,0.33462129863119916,0.40781963911007574,0.2273179911861082,0.8185586474661481
2.0694801873140407,1.1502010598493886,1.538667766966433,0.3348072491684071,0.40169255280895816,0.22569281224504842,0.8219549582690209
2.078643412871925,1.1442859245194188,1.539811229285615,0.34003071053842626,0.390736348071833,0.21633507467466212,0.827588882025205
2.0864828021127924,1.1403689625139726,1.5390450694678235,0.3451364152817991,0.3924614623435834,0.2083904937817617,0.8266971982067916
2.091289195915242,1.1378331134324857,1.5373297018761929,0.34393169432516346,0.38448471194407274,0.20288993463705107,0.8322969243862907
2.093057688534245,1.1367667134353163,1.5359078234721428,0.34579062796078075,0.38306481124835745,0.19919834220347085,0.8330727534022092
2.092837592685896,1.1367898365557678,1.534115049156803,0.34134616442670834,0.3792832168920713,0.19761886476377846,0.8370028803442985
2.091315444019466,1.1372908894020148,1.5336412006532318,0.33815254793488464,0.3816802167070144,0.1997934541197983,0.8366932784422928
2.0884193908172994,1.1390455645096154,1.5323716839888215,0.33686795827471105,0.38227210108571125,0.20020781153219538,0.8368421903924492
2.0868211858545007,1.139990850582747,1.5311822676328857,0.3351222370971348,0.3815168272839883,0.19934602871285032,0.8380925709840094
2.085840489294876,1.14086274889873,1.5299824214112487,0.3322710615943238,0.3823964646486388,0.19897458048330907,0.8389147762274155
2.084850896082613,1.1413396398693263,1.5298564318352303,0.3321947031966982,0.38005811784533,0.19884366883139004,0.840037916759473
2.0829587213368854,1.1417569821709568,1.5297471053437859,0.3295293577195589,0.3815506904973503,0.20110777789560305,0.8398720942213898
2.0817793942676603,1.1423606186342772,1.529373124583297,0.3287148816888995,0.3826348031697097,0.20185442343851592,0.8395188655997163
2.0799347150586946,1.1430965481032456,1.52809576620996,0.3285144367030571,0.38166416844539747,0.20179375968005753,0.8400535732658624
2.0780500995667044,1.1439593795521108,1.5262745113931937,0.3253521623663403,0.3839330261367688,0.20287238272084251,0.8399905941224448
2.075788658600054,1.1449420429456194,1.5240470549249596,0.32056465574575876,0.38310032272833583,0.20356458412547576,0.8420415098448949
2.0744418012241717,1.145401707635805,1.5232253199572199,0.317554301227207,0.38717719341121776,0.20642116115392087,0.8406208365857819
2.0708265691112167,1.1470152070007276,1.5213235089395987,0.31771804606337384,0.38916498773660996,0.20758102431512,0.8393544983318559
2.0675003451986775,1.148735630699608,1.519409869555056,0.31354351445725803,0.3892949671748732,0.20952712437282195,0.8403798410398488
2.063211489023626,1.1507882676685885,1.5174645436237233,0.30802739097839715,0.3888228207135551,0.21220895433499315,0.841963954216239
2.0603893882462,1.1516781538939,1.516428675116118,0.30543780375200236,0.3912181554904193,0.2163872795726468,0.8407333989398641
2.055164992143477,1.1536618997148598,1.514769704063894,0.3068504440276732,0.39186178235998087,0.21824123649345772,0.8394390455652426
2.05099045174565,1.1552048955282366,1.5137225695448149,0.3018459342365699,0.3914846652257496,0.22262533972940932,0.8402777796587865
2.0438960490247964,1.1574125892032612,1.5121350199204224,0.2969965623218605,0.3939217843170176,0.22840965313659892,0.8393138269822039
2.0382742007107986,1.1594892607094995,1.5109215131506968,0.2910285625679164,0.3981565952010249,0.23469615429751345,0.8376702314309237
2.028799541616019,1.1636240652792242,1.5094768102661866,0.2853118756719343,0.4033282329202177,0.2415696787214087,0.8352051008300013
2.0216498962672325,1.166588030317105,1.5088908642412935,0.28092430045718975,0.4070710286171421,0.24529828320920946,0.8337886226903285
2.010014481434094,1.1707509742983604,1.50744596368927,0.2726749750682743,0.40957357225351976,0.25443226322879264,0.832563553316671
2.0016449145988853,1.1746043147475473,1.505237716824795,0.2656523432798026,0.41740358947581074,0.2600526101164609,0.8292018547822205
1.9863061329726013,1.1811309117582696,1.500614590198434,0.24948942367295932,0.42237970510757505,0.2702839278655055,0.8284304500235169
1.9762355856775249,1.185372490224842,1.4978664423184211,0.24133538768811316,0.42529203889981804,0.2748646568288735,0.8278486170334582
1.9625622121137363,1.1913838096446236,1.4933533038618112,0.22917484530878782,0.4270556755246266,0.2812470791689392,0.8282526309881777
1.954889709519518,1.1948709800663013,1.4902981503973607,0.2171568415550778,0.42938447174157085,0.28491482729274575,0.8290328237059011
1.9456900651559494,1.1978552103936926,1.4859500127851835,0.20634402059589305,0.43477096021842454,0.2907849243102793,0.8269464826147674
1.9405918729459175,1.198883304502546,1.4824779015470901,0.19793265720201728,0.43654244785146334,0.2936424344792482,0.8270595354083656
1.9327650918838308,1.2000853312262623,1.474865280329326,0.185279693674525,0.44099410842850234,0.29928398693103114,0.8256056725882466
1.9275280779240749,1.2007786886722112,1.4689132557306124,0.18178240819652103,0.4419603045644217,0.2979567825665641,0.8263461750272572
1.9194113510085962,1.2014608124390225,1.4593184649153894,0.17111055627846464,0.4438411954785388,0.30031982770684007,0.8267612544213655
1.9135100757626102,1.2018404497108428,1.4517615942393765,0.16893350963704096,0.44370234134688236,0.29871357651739655,0.8278646633412927
1.904896459725967,1.2012863300516228,1.4401569709078765,0.1669688605278268,0.43992667817724096,0.2972400246481621,0.8308033974347586
1.8981897609186087,1.2009377557345509,1.4313602397361214,0.15461360466063895,0.44308332503100867,0.3011247027862781,0.830117891449874
1.888012239814157,1.2003920594039745,1.4178832662672793,0.15610153391910397,0.43328943983767054,0.2988028813114239,0.8358285772532856
1.881661276783221,1.199155424631447,1.4084824107624367,0.14359843191413516,0.4302118628145873,0.30521229521286247,0.8373426409160712
1.869489299090259,1.197438968716719,1.3888956035455848,0.13310045288451716,0.4304959670485219,0.30952643961098486,0.8373475234206176
1.8605332965182604,1.195495067514239,1.3739312077172572,0.12834760547192584,0.42015654467747204,0.30859456836381066,0.843661521293145
1.8469592816799016,1.1928050216548396,1.3492917632429453,0.10667391360321214,0.4171278534102887,0.3124542598808619,0.846756969589387
1.8377199297293143,1.1913317363041838,1.3318121626997823,0.10552902589854112,0.41296282073612456,0.3074177416985559,0.8507759196589478
1.8283494207926634,1.1885517293848151,1.3075653914024827,0.09235886109558628,0.4240784665053345,0.31050132655608603,0.845704570893714
1.8214288377644627,1.186368268618418,1.2910916329110187,0.11050095202832716,0.4187185098263455,0.3032905585842197,0.8488104536369177
1.8125746548157267,1.1847703343870986,1.2678475562346716,0.10723992453012303,0.415758401275164,0.2940409391274437,0.8539229921210367
1.806736397265065,1.1846094390656123,1.252123348359165,0.09854214532283614,0.42362932887553845,0.2937152937533129,0.8512102933629498
1.7997359830641095,1.1838848958601211,1.2292912208939024,0.08212432727634096,0.4263099460865265,0.2919856421134573,0.8522087828324133
1.7958504779356832,1.1828669053433445,1.2151541371605,0.08791337274644567,0.43127031999867327,0.2841745236606971,0.8517757862740655
1.789707330427578,1.1812203408054076,1.1954390172619789,0.07616743241577735,0.4356984670542241,0.28297102465350915,0.851053915596615
1.7854445226918956,1.1801006155282239,1.1825933496843235,0.07459042681826336,0.43404289882195773,0.27688933764532364,0.8540347328461735
1.779269505177811,1.179009833952966,1.165058293205176,0.06197067541511627,0.4362121300192555,0.27067470749857453,0.8559286277098223
1.7749390406410963,1.1795075583220778,1.1553580493061912,0.04798038111525109,0.4317772767380763,0.2690198132863588,0.8595897895973745
1.7672532899037532,1.1801060465315736,1.1412509245003548,0.03333202572162674,0.42903916764498284,0.26436931338343317,0.8630893550664179
1.7613155511275165,1.1802895138520757,1.1314791440626937,0.03481623132336049,0.4277957489393735,0.25758132342372625,0.8656965340401453
1.7523316199752075,1.1800711380641529,1.116264416839384,0.02755278296229963,0.42580128332071515,0.24874406122392978,0.8695173967663271
1.747493267476252,1.1802964334270647,1.1059114730631263,0.012601478153311458,0.4192633382688174,0.2461318691019422,0.8737726013926181
1.7402171652043315,1.1819352611693152,1.088734936325598,-0.006608316330271457,0.4103044404413554,0.23006515749739082,0.8824265519662733
1.7352443667736401,1.1835856734045411,1.0765633623039965,-0.009651015393202797,0.4106726570642864,0.22034362378253952,0.8847053261397366
1.7279115032155907,1.185518218700936,1.062242564968597,-0.014390944685943834,0.41154833480646735,0.20542223337115592,0.8878189989327083
1.7230861718560722,1.1859308681793141,1.0529593379302904,0.009096474478352639,0.4108155733933787,0.19523683708658274,0.8905225411262543
1.7175735187387107,1.1858627516285398,1.0437371771416604,0.006758359960591663,0.4103122105706439,0.1882690440085193,0.8922740506679508
1.7139437911029445,1.1858650687292787,1.0379910541061816,0.001366689797366016,0.41269762267520016,0.18281745033879068,0.8923321042352224
1.7078644228701272,1.1854524460386744,1.0280186599527932,0.003718065665862831,0.4099242706494603,0.1743610269826359,0.8952912937082393
1.7029994870305645,1.1852284965377622,1.0217515272050286,0.006717290084040477,0.4094622330890772,0.16707426353657198,0.8968733177831444
1.6942443350470406,1.184367515474825,1.0141435160586911,-0.004370626417631379,0.4029700201316498,0.16604370839134083,0.9000141928900158
1.6874579172391606,1.184364691014104,1.0090121171681274,0.007085777501235905,0.40856260949423334,0.15924912123840304,0.8987024553573123
1.6784449259080612,1.1862932903622074,1.0047455176585864,-0.0004084381583446084,0.40730137452505155,0.15397995576084203,0.9002197491236035
1.671619613671869,1.1877739880871776,1.002609611439111,0.0034629363587821054,0.40756906811999966,0.15379470540002366,0.9001236867089378
1.6623811833250235,1.1896694297269168,0.9989805421045881,0.004527142834679116,0.40857870482579356,0.1482107543992554,0.900597867652947
1.6573981866591707,1.191117956121007,0.9971010564060285,-0.0012157251640543556,0.41181418260670427,0.14913281345109883,0.8989810926646107
1.6503724932021984,1.1946410909887002,0.9936622951359881,-0.01389684901621899,0.400212966909997,0.1452433005675431,0.9047324700400469
1.644877622636619,1.1981559062520586,0.9897450507060375,0.00385976429094339,0.4070969725950512,0.13464570606804716,0.9033978586209952
1.637809660968285,1.2027969669261969,0.9859040470959316,-0.010897703816141762,0.4005544631518035,0.12721334417382363,0.9073335258684198
1.6333580739890008,1.2056452621299587,0.9835403262691149,-0.008389641602643211,0.4141009363129067,0.12045364629365102,0.9021867586886416
1.6256253841995705,1.2089767937037497,0.9788971293915297,0.007477031776473709,0.4245222696452409,0.10644906407540279,0.8991070755636048
1.621207098551266,1.21095859912969,0.9748548672425692,0.007487184649100557,0.4239979968133044,0.09505187266768642,0.9006302139428264
1.613509243456192,1.212720076701672,0.9687582659778085,0.005181215625006035,0.42420482110515134,0.08380599157797182,0.9016651155120878
1.6074576502050326,1.213927610909041,0.9640259530996947,0.004447935958939727,0.4274593432103247,0.07732622165283513,0.9007104869006465
1.5972143923012618,1.215999318892319,0.9572013707502843,-0.001081797292894709,0.4232159279893723,0.07057012620235849,0.9032756862101928
1.5901746354855584,1.2173374926715372,0.9529490278326217,-0.0012236162277398594,0.4242327679654118,0.06415092057326333,0.90327721145689
1.5808253788745559,1.2194360183964472,0.9466352430383174,0.0016400463899448527,0.42200324069679734,0.04853624911363264,0.9052926640657258
1.5758518093025957,1.220578021718334,0.9438969757027564,-0.004522895264752944,0.42344001427893097,0.04821399065463169,0.9046289343322144
1.5689546508293695,1.2221404114178849,0.9402370413410438,0.0020525305062460866,0.42064351541768064,0.037040411669975876,0.9064672238745839
1.5647822307824122,1.2233564498762566,0.9379446609382159,0.001147986982003748,0.41967017391021555,0.02813378984917613,0.9072398344014558
1.5593298151265769,1.2249364384000416,0.935820775889087,-0.009897139652720974,0.42210881512310683,0.024661979951906176,0.9061556056036475
1.5556313046379986,1.2257934819747047,0.9343002720599661,-0.005545572603245281,0.421067136025868,0.019154263636941005,0.9068102490422139
1.55072052309223,1.226933802618199,0.9331565425174282,-0.009535172113172565,0.418763299321034,0.018398816059385526,0.907858944551491
1.5476736414592434,1.2276054839352142,0.9331777915784867,-0.0052295903860897575,0.42038477413185205,0.01935817231194335,0.9071243322870612
1.5445198575065173,1.228935358280287,0.9322603945519866,-0.0059153249044279176,0.418070671393288,0.014711231551543795,0.9082761156819424
1.542191068945526,1.2301074475678433,0.9317545028451674,-0.009804420240735898,0.41407270088803627,0.009286035319789257,0.9101436377138883
1.5383198622910783,1.2316647125269056,0.9312828862284451,-0.0077931004061526435,0.41472577830354906,0.005281644131441603,0.9098977418544592
1.535546466886082,1.2325874687844347,0.9306873492730031,-0.008301166406859111,0.4124331638748506,0.006219815974376829,0.9109288061433293
1.5314728494909875,1.234356442427251,0.9306172130974364,-0.009604204837964094,0.4146486917761591,0.0035661106365242586,0.9099239003964443
1.528334500538174,1.2358129284706414,0.9312682187641358,-0.0060432037350333315,0.4124592067386427,0.00501382767413291,0.910942228682588
1.5236420592299422,1.2366461208950543,0.9307084658088465,-0.006960749601268181,0.41024842508972836,0.004252147646353253,0.9119373316828189
1.5205071875443428,1.2367742654893816,0.9304631555954747,-0.005953517464383328,0.41268779778729303,0.004577395856511858,0.9108415804268316
1.5156887133655785,1.2377714455698432,0.9309986659384472,-0.012209186291168569,0.4137413970927088,0.005284001249020954,0.9102972434500071
1.5123115787612496,1.2386929193629106,0.9306772322840321,-0.009649284731658428,0.41464507379857807,0.006338926209639356,0.9099099802141132
1.50818552830143,1.239595291801373,0.9295794539336327,-0.008711442703301351,0.4145109613579421,0.0035740102052400366,0.9099956044570735
1.5057868903806404,1.2403533578035357,0.9285848473710824,-0.010735192970430229,0.4098968435902592,0.0029046804075812667,0.91206408551064
1.5029349472005673,1.2413692707369677,0.9280591333277434,-0.010245421142162038,0.4212881972695587,0.003389551578973331,0.9068626120461019
1.5004971617981504,1.2420122186133367,0.9275866438595631,-0.009017243973518637,0.41440589362311764,-0.0005646158417978343,0.9100473206655237
1.496951485358264,1.2430956724194342,0.9276365905528925,-0.007735700417465694,0.42127306529233965,-0.0025145254665580197,0.9068973704669815
1.4950265613190532,1.2434933891539393,0.9272576916600824,-0.009657652866717813,0.42033102971041175,-0.0033965558517614182,0.9073130764030886
1.491587751236055,1.2440766786623219,0.9268613600106591,-0.005442323344208874,0.42051782547526717,-0.005480425750044043,0.9072514009400967
1.490009803908785,1.2444376223815545,0.9264782556047173,-0.007549002212771772,0.42201727006691975,-0.0084825690241612,0.9065166751657724
1.4881252171887822,1.2449136295648597,0.9247057808480936,-0.006636472298679052,0.4281837184338448,-0.011334731491058918,0.9035962507478771
1.4867532894565567,1.2454394231179367,0.9235709273812318,-0.0034154390838272188,0.43138397845636994,-0.012780586319891504,0.9020714242898611
1.484525026555978,1.2462904480204144,0.9226985618079174,-0.005207981490316996,0.43380362254782096,-0.014137746866890845,0.9008814672900713
1.4823400473012005,1.2471187009405293,0.9228834722513719,-0.003999107230705891,0.43560564854290995,-0.016083039953660377,0.8999850342781913
1.4787301614288517,1.248336536682745,0.9234049707103373,-0.006138542859642021,0.433292828614595,-0.017670502901193385,0.9010590415116773
1.4769978254399023,1.2489464062782658,0.923501843080856,-0.0073847437762739965,0.4333941382532426,-0.015434797799149191,0.901042037589805
1.4744791713660808,1.2500279437469402,0.922943768476015,-0.0070452797933639325,0.4324991004932536,-0.01986912130826933,0.9013878799515761
1.4729755875462192,1.2506412570592267,0.9228216012751264,-0.009835308759971658,0.4353614263633903,-0.021750773050085964,0.8999392196188329
1.4708425192382426,1.2517121448997939,0.9225596216625508,-0.009552692517226057,0.43201870093917133,-0.020808663565034507,0.901573950170001
1.4693737679246832,1.2524691002306052,0.9225151443989723,-0.009229481762079127,0.43509433417762433,-0.020226174175523876,0.9001103481857958
1.467345651558179,1.2532706928871271,0.9220706392955765,-0.010278994410823309,0.436352005700798,-0.02173654875693517,0.8994547191731946
1.4661902584385,1.2537591252864932,0.9221387645547593,-0.007953056067836719,0.43519996080602363,-0.021876651683972296,0.9000328633581751
1.464543024686372,1.2548865607420667,0.9233311761600315,-0.00871239206823856,0.4276946685872749,-0.02405122240292834,0.9035612338892121
1.463307047536381,1.255881848341096,0.9247062267952703,-0.008424901062162643,0.42386282804383696,-0.02409394503835304,0.9053666692877876
1.461728657699722,1.2573768369592802,0.9269920778513508,-0.010889722166263441,0.4131410975045581,-0.02146011319853881,0.9103490050773806
1.4609600645533485,1.258423360135123,0.9279851735439665,-0.01620664722403317,0.4108855427133155,-0.024723358769901706,0.9112075344871083
1.4596801677656324,1.2598030296358995,0.9293810486640224,-0.01743294692944967,0.4038802608370033,-0.02192815062095394,0.9143828429481461
1.4586725675683958,1.2604232176478933,0.9302665560050307,-0.017638421941217047,0.4016355341513359,-0.024242711928916284,0.9153087319023709
1.4574387830786053,1.2607770963928042,0.9312488988873935,-0.017203712944511194,0.39873946069060917,-0.026721743973248644,0.9165134058747385
1.4562699735834208,1.2608051866194148,0.931880896612255,-0.01769016588569645,0.39661413120381905,-0.026227372466551786,0.9174401418587902
1.454157866786326,1.2603402363370644,0.9320898566366456,-0.016027915164115784,0.3952742541649305,-0.028144274922492468,0.9179919769360388
1.4531223533602926,1.2599518477464917,0.9321338525660983,-0.014442587465936931,0.39205799717268985,-0.027901130884145833,0.9194038641509039
1.4512591765935527,1.2598229219600308,0.9325185371446328,-0.011274516538008247,0.3879982039455798,-0.02970112871559364,0.9211124372001814
1.4500086802825956,1.2599640535608287,0.9330459019180665,-0.00936723317463641,0.3896427066193087,-0.031190331934083527,0.9203901234340105
1.4477342433793974,1.2599897238125863,0.933947568726859,-0.010499745015616662,0.3830808045894451,-0.02926116016208424,0.9231915494715489
1.4462545463902396,1.2595986975442444,0.934362974849481,-0.0060080311516550675,0.38382169048734005,-0.032378343431925194,0.9228198395947746
1.4450166952893062,1.2593546178356572,0.9342518072697296,-0.00555409027848212,0.3835954224993312,-0.03286222005104293,0.922899657824216
1.4444905555215597,1.2594860140878654,0.9343368481869427,-0.005451527076388872,0.38083669903876693,-0.03324171648220173,0.9240285048650329
1.443274130073847,1.2594757325079755,0.9347940650419344,-0.004723100316628756,0.3775898113223301,-0.03531559893619854,0.9252872176685161
1.442457467394897,1.2595656081089603,0.9350071486524771,-0.003117730495585779,0.38234051388439183,-0.038306706349193205,0.9232218625270162
1.441832062684495,1.2593633208260133,0.9350543843958041,-0.003707950689526973,0.38246076622750813,-0.03771158805926624,0.9231943725588884
1.4413842441587843,1.2594495217162316,0.9351445730817265,-0.004040443153635038,0.3857951574731974,-0.03840378360091113,0.921775960141339
1.4404899410408398,1.2595963161321606,0.9354328416646357,-0.006027632443412696,0.3811625306724403,-0.03707657128194019,0.9237446187775511
1.440179164484348,1.259570726394374,0.935416885760757,-0.005429846828017763,0.38077394883155247,-0.03705434013300114,0.9239094612200691
1.4395344507988261,1.259470392815605,0.9354123900450705,-0.004449635029620727,0.37811341372109025,-0.03824651161178778,0.9249581890344105
1.4389632809717086,1.2593572002278348,0.9353244630602517,-0.004362279529854787,0.37884057516917347,-0.03985714021676607,0.9245929901835371
1.4385526627343126,1.2592803670548336,0.9350189615780398,-0.004449899239652216,0.3780207658857389,-0.03958684155833953,0.9249396634004573
1.4385629337997135,1.2592782114883534,0.9348478286158116,-0.0030337437134926276,0.3766708313214012,-0.03883042650169927,0.9255280002292862
1.4382578822232737,1.2590051705854026,0.9346809341757215,-0.0010305407839637493,0.37908955289345153,-0.040682737818390304,0.9244646903567143
1.438234351823241,1.2587550993199035,0.9346010378209976,-0.000563347113138983,0.3805735787447234,-0.04198300674910315,0.9237969803727271
1.4381525994723774,1.2587332050366244,0.9345055313458434,0.000774609370735995,0.3806122048753814,-0.04260753943483639,0.9237523191113148
1.437942721704562,1.2587963198155814,0.9345302709454747,0.0019278141010429903,0.37994717644254217,-0.04325036363077535,0.923994498193543
1.4374489715407,1.2586455969194754,0.934689349753844,0.001963428531105584,0.3783603009605644,-0.04399872224341995,0.9246100475586347
1.437039492965075,1.2584595166515085,0.9350849363180236,0.004894672942381114,0.3729866912856862,-0.04235229998954069,0.9268566518001256
1.4366281733582669,1.2581918331927984,0.9355325562177352,0.008557352316536423,0.3708983902400476,-0.04385483118193851,0.927597924545261
1.4362453533276778,1.2579843815514329,0.9356977407864682,0.01040558815874699,0.37096752417235185,-0.044936094812422285,0.9274996318745982
1.4357418372375408,1.2579382199946025,0.9360030949651738,0.013899373965278378,0.3706918878362009,-0.0457358570473685,0.9275249662817435
1.4355627057834779,1.257870724790409,0.9362052009477149,0.014525510879510302,0.370361665303961,-0.04711694578447153,0.9275781583386433
1.434564906586995,1.2579570826487039,0.9368454707533567,0.014470663512032154,0.3685213810613813,-0.047432466481094074,0.9282956170970827
1.4335633433361024,1.2578334226624375,0.9374312867411149,0.01586454737374325,0.3628012303201535,-0.04607761137409723,0.9305914448053275
1.4326711074801213,1.2576313951781637,0.9373242177300498,0.015640403407588235,0.35838495202391324,-0.04509412992861211,0.9323530036365233
1.432250224821011,1.2576450899460065,0.9373239487885375,0.01606777730318094,0.35961545444646853,-0.04486200448682747,0.931883014122062
1.4320934271656152,1.2577125833227882,0.9370303354622419,0.016282190076495343,0.3623682724672664,-0.04460032285757105,0.9308248689181023
1.432206776050879,1.2576656599876321,0.9368606745315263,0.015970122211410552,0.3609360491670183,-0.04275777627647138,0.9314729712536739
1.4323500366156399,1.2574711689202958,0.9366596457994232,0.014897261056747366,0.36186764139272065,-0.04274516519581856,0.9311298151054227
1.432215222503553,1.2570177951425878,0.9362378803984861,0.013619666067307886,0.36366547237746916,-0.044101526430056215,0.9303853955556408
1.432035907546194,1.2547950823631986,0.935182773203051,0.01113121584866583,0.36217795109228906,-0.04475434951696999,0.9309673871708046
1.4326582801289702,1.2536977752083234,0.9353736991435209,0.007688247995798751,0.3674527678378783,-0.04353959939120819,0.9289906660111772
1.4347171562754781,1.253217604963048,0.9365638109704644,0.006489509282313012,0.3652981426795345,-0.04500641695717464,0.9297793155673201
1.4371395327611967,1.2534439037616683,0.93781178727376,0.0028329755695917502,0.3697684185471206,-0.04765449774917253,0.9278967290269201
1.4409216892054104,1.2538507127168823,0.9398090523275273,-0.001747792763335533,0.370321429779093,-0.046751404354291135,0.9277247921974093
1.4436853511878716,1.253486055508561,0.9410102049462928,-0.001574116883879208,0.36433545924248784,-0.046979540349321385,0.9300807051450792
1.4487578058997954,1.2523213582475161,0.9417771497552346,-0.006846377377184384,0.36490669571841716,-0.0498366331796358,0.9296841079259095
1.4529189438676393,1.2512276373215017,0.9416900237723351,-0.012891542772724028,0.3641363431296369,-0.05030247007148122,0.9298968723690935
1.4604760940530384,1.2495239888016072,0.9419160442621639,-0.01821914358872194,0.358251397714494,-0.053396381745112326,0.9319188941421004
1.4655881760857759,1.2485636060652832,0.942895181207812,-0.019714149719331005,0.35538945074026906,-0.051440227346765684,0.9330935610183401
1.4732753992416663,1.2479464175729966,0.9455869579792362,-0.023081263144375797,0.36117614150440747,-0.047536887340080616,0.9309990840176293
1.47860820341579,1.2477282326807049,0.9472656021263461,-0.024867215476619756,0.3614147900171182,-0.04906471891357849,0.9307811904573777
1.4879137888576064,1.246931989384019,0.9504501326536765,-0.02550976505425698,0.36192899677454626,-0.04983428514457336,0.9305230772016223
1.4947700451596764,1.2449601326207302,0.9520776846931914,-0.026101923888927212,0.3589870912182779,-0.0466332835377977,0.9318112978357903
1.507752662193447,1.240094440760416,0.9540004226640972,-0.032235174441222016,0.36040581538810973,-0.04975158414395292,0.9309099428184999
1.5179407706625576,1.2355643926472857,0.9554526669703263,-0.03452962390280234,0.3589287885881073,-0.051295329240466044,0.931314457631748
1.5351824183439204,1.226602483797747,0.9573060263432391,-0.0383407525837754,0.3516021859407173,-0.04371305264392274,0.9343420458063356
1.548546016774789,1.220031580521626,0.9594240481615517,-0.04416160438739934,0.34855418352157674,-0.03933511990280945,0.93542101868077
1.5713505937814503,1.2098242448620398,0.9655297971199889,-0.045202157232228785,0.34721341636408404,-0.02232347261511714,0.9364300673561995
1.5897009434596878,1.2028317799835975,0.9710399595758389,-0.04845921200565078,0.3391222607451994,-0.003310801026036672,0.9394875388398839
1.6225333411032585,1.1922621905368287,0.9826385411830022,-0.055939966474966824,0.3286975480002848,0.03622908787884012,0.9420807265202104
1.6464765976675695,1.1847539855670999,0.9915857096363059,-0.06136663381971156,0.31884377544070264,0.06931616277373756,0.9432751733691929
1.685456644407765,1.172079649298821,1.0070851546047397,-0.0661756004246841,0.30935174049783776,0.1175118465588498,0.9413358892965467
1.7131145862446011,1.1634877025844725,1.0187556324566907,-0.06942105461956964,0.30825356841475604,0.14723504959541842,0.9372738633428923
1.7546929808104195,1.1520986449455761,1.0371377880522044,-0.0853625729950562,0.28657692680201813,0.1875126413975063,0.9356419750484181
1.7821463450282813,1.1454913310979074,1.0486864892566827,-0.10153576714835881,0.2754738002345723,0.20764624463820605,0.9331064839886001
1.8224408808215293,1.1388554718491153,1.0666132670470776,-0.1253352557608063,0.26908458380751243,0.2300363408936719,0.9268051803312072
1.8470124164362427,1.1365757799797798,1.0794966516057898,-0.14225538057353013,0.2573998787663823,0.2432579309090861,0.9243020546113495
1.881158627726637,1.133790311886731,1.0992935172473248,-0.15911704222282655,0.23009436790400567,0.26423858793429494,0.9229931296491893
1.904288576557244,1.1343391940532137,1.1080770736679055,-0.17176524658147743,0.22184387533148886,0.2639874165969284,0.9228177712437006
1.9388167815060766,1.1356697044331565,1.118355468941039,-0.1891002681743647,0.20949712850899901,0.25740224543505025,0.9241732119943
1.960470909632257,1.1370868582676177,1.1241234696739821,-0.19600919464255007,0.20265963307930124,0.2490623519569307,0.9265405622925658
1.9951058777220079,1.139215889683941,1.1240719253643756,-0.22749015268039424,0.20598494865309439,0.2183402434048283,0.9263616839397846
2.0191749030496062,1.1408672436067155,1.1167241108681505,-0.24646033084407967,0.17872756086835181,0.2000533813735216,0.9312853531046736
2.0515580475743356,1.1406744731513119,1.093865622157102,-0.2723157614202858,0.10029028021964521,0.17737950419806564,0.940384228528958
2.0689817871582568,1.1387000887676129,1.0726704371374178,-0.2807644929166843,0.03749529450468866,0.16848313558804068,0.9441286116995214
2.089641588246085,1.134947861802793,1.0386350552804096,-0.3048086154990411,-0.02497416139530506,0.14709191484676568,0.9406550737474767
2.0981060461907783,1.1318830685940087,1.0192205180623601,-0.3220217958457638,-0.05708828975645583,0.13880054684201482,0.9347605567038598
2.1063564563051203,1.1282172934165606,0.9921247947277284,-0.35956149125302017,-0.1245205434261134,0.13612626859557325,0.914702031959597
2.112151651784405,1.1266026176154582,0.9763039413320018,-0.38141981996176244,-0.15304130531552787,0.1275361763973954,0.9026803440407842
2.1151044590939034,1.1241692289919865,0.9573739161782929,-0.4030318514036304,-0.20175966548768676,0.12482985075321976,0.8838981120566938
2.1123718339099824,1.1228220212306061,0.9477102426218411,-0.40879171612533677,-0.21145280554878257,0.12778542885687766,0.8785487624626847
2.1020520676000753,1.1213510311971848,0.9351352793402753,-0.4188535060159115,-0.22363795465556047,0.12745404419259115,0.870806104913493
2.0927293217334832,1.118809497320073,0.9269473813996866,-0.4212014666028319,-0.23406463065414157,0.13115416118967496,0.8663727022540568
2.0796154324359075,1.1150527716322252,0.9119419260474779,-0.42982754087486497,-0.2531506000884596,0.13898789726831326,0.8554796451074986
2.0711906050130673,1.1131869546811708,0.9025416667637645,-0.4442416552582955,-0.25980077909321503,0.1353543378743564,0.846659382594041
2.0590112511493603,1.1103081074508199,0.8926604884820627,-0.44238337323698057,-0.2722638416423173,0.14129586281451414,0.842736513252594
2.054302295315416,1.1104816005029503,0.8883353297493264,-0.43204231317291386,-0.2701400640721959,0.1416788791362869,0.8486995231635005
2.050773333917553,1.1114071665660072,0.8866676032161981,-0.4301868240607943,-0.2704215911193897,0.14096877405295227,0.8496700913901539
2.049310926944988,1.112845572620659,0.8870725055144838,-0.4344581121648225,-0.263743542286055,0.13554534816987754,0.8504780721841623
2.048378234823759,1.1132112164847439,0.8876281828518603,-0.43273267565402257,-0.2641386213387866,0.13578148294745904,0.851197162252756
2.0477399106515004,1.112789693642346,0.887817802253883,-0.43342276205510183,-0.26285200798679964,0.13424406470990305,0.8514881457307537
2.044976265973372,1.1104444093196584,0.8880758501055317,-0.43540881121466884,-0.24795349860355212,0.12822680127997965,0.8558598700023221
2.0414581179827618,1.107381103857609,0.8881781051198535,-0.4396253250053117,-0.2483350813774621,0.12778780096093942,0.8536565696442514
2.03516032081909,1.0982942520778678,0.8867840870718652,-0.4395500676357068,-0.2461918414640427,0.1271644575416442,0.8544088693220177
2.029604268064035,1.0897738266049763,0.8834612333515359,-0.44078268137805404,-0.24846102338355025,0.1251319203288092,0.8534165162282696
2.017589157253648,1.0714834381106961,0.8781352793118201,-0.44454028850527055,-0.2376529509441322,0.11414060877716965,0.85608231393434
2.0099388357006505,1.0581978124138944,0.8754290665701622,-0.45265799370400295,-0.19533885527366834,0.09391318609809482,0.8649414927225682
1.996210831508821,1.037069734788164,0.8704802029447835,-0.44517944670070075,-0.1353786511986014,0.06977705024881246,0.8823939280692497
1.9835268258934924,1.0215941272885816,0.8670786957879371,-0.4407794636904143,-0.10780010284826864,0.07205918166723292,0.8882004709254224
1.9644699400273107,0.9963826098605468,0.8622794315936132,-0.449560646122138,-0.07471422471755111,0.07510258248951514,0.8869456647317843
1.9496808910785555,0.9809530544052333,0.8572365227219367,-0.4560215413258646,-0.07637898466647693,0.06431611504698137,0.8843495021163094
1.915254397242732,0.9626661703572923,0.8459041169806001,-0.4633161915104555,-0.10139552247000287,0.03660568748507081,0.8796118907512719
1.8722379158098277,0.9561051715890301,0.8399174890778788,-0.4708391925312428,-0.11140643796603494,0.02087517053070551,0.8749075880409092
1.7644470251172393,0.9585461719107915,0.842107144424136,-0.4806500913173637,-0.12494959016041536,0.006711578993632549,0.8679389634892343
1.6553201960652877,0.971399487592049,0.8485389875303114,-0.4860786495993713,-0.14461750707264445,0.03124875670941784,0.8612995055472056
1.4504782977645594,1.0051630122608395,0.8474713132904209,-0.4949099053830741,-0.08926989359212713,0.07229844949771522,0.8613175987125732
1.3046124855658632,1.027007552295391,0.8501832378786633,-0.4822400434221248,-0.057335869031112964,0.09096768381868858,0.8694147566859775
1.0716760271082333,1.0403591337936455,0.8439338480947165,-0.48440959175219095,-0.01144056635674665,0.15668756757454558,0.8606192346371796
0.9040217850477663,1.0335341759227978,0.8381982271984053,-0.498041758788493,0.006455450555115368,0.2374174213515797,0.8339938259362365
0.6555871581407001,1.003983978353422,0.8498684296660971,-0.48789396217685765,0.013045729639299748,0.3765159798496592,0.787416667036834
0.511449884950609,0.979135516035486,0.8663170554893876,-0.5098739106013599,-0.009730145110600535,0.40633439105332153,0.7581729896346411
0.3045839979752236,0.939926726834747,0.9164104946111634,-0.4880443529593201,-0.028017836748777714,0.5295634045279407,0.6932462123612462
0.17688020223697135,0.939517694878082,0.9677271424382864,-0.44916286738305966,-0.04640002347707959,0.601594736680907,0.6589260422713497
0.044853512013644466,0.9450773037384981,0.9827740085635228,-0.46998444437901954,-0.09999181590682178,0.6190155377659473,0.6212374930714787
0.044853512013644466,0.9450773037384981,0.9827740085635228,-0.46998444437901954,-0.09999181590682178,0.6190155377659473,0.6212374930714787
0.044853512013644466,0.9450773037384981,0.9827740085635228,-0.46998444437901954,-0.09999181590682178,0.6190155377659473,0.6212374930714787
0.044853512013644466,0.9450773037384981,0.9827740085635228,-0.46998444437901954,-0.09999181590682178,0.6190155377659473,0.6212374930714787
0.044853512013644466,0.9450773037384981,0.9827740085635228,-0.46998444437901954,-0.09999181590682178,0.6190155377659473,0.6212374930714787
0.044853512013644466,0.9450773037384981,0.9827740085635228,-0.46998444437901954,-0.09999181590682178,0.6190155377659473,0.6212374930714787
0.044853512013644466,0.9450773037384981,0.9827740085635228,-0.46998444437901954,-0.09999181590682178,0.6190155377659473,0.6212374930714787
0.044853512013644466,0.9450773037384981,0.9827740085635228,-0.46998444437901954,-0.09999181590682178,0.6190155377659473,0.6212374930714787
0.044853512013644466,0.9450773037384981,0.9827740085635228,-0.46998444437901954,-0.09999181590682178,0.6190155377659473,0.6212374930714787
0.044853512013644466,0.9450773037384981,0.9827740085635228,-0.46998444437901954,-0.09999181590682178,0.6190155377659473,0.6212374930714787
0.044853512013644466,0.9450773037384981,0.9827740085635228,-0.46998444437901954,-0.09999181590682178,0.6190155377659473,0.6212374930714787
0.044853512013644466,0.9450773037384981,0.9827740085635228,-0.46998444437901954,-0.09999181590682178,0.6190155377659473,0.6212374930714787
0.044853512013644466,0.9450773037384981,0.9827740085635228,-0.46998444437901954,-0.09999181590682178,0.6190155377659473,0.6212374930714787
0.044853512013644466,0.9450773037384981,0.9827740085635228,-0.46998444437901954,-0.09999181590682178,0.6190155377659473,0.6212374930714787
0.044853512013644466,0.9450773037384981,0.9827740085635228,-0.46998444437901954,-0.09999181590682178,0.6190155377659473,0.6212374930714787
0.044853512013644466,0.9450773037384981,0.9827740085635228,-0.46998444437901954,-0.09999181590682178,0.6190155377659473,0.6212374930714787
0.044853512013644466,0.9450773037384981,0.9827740085635228,-0.46998444437901954,-0.09999181590682178,0.6190155377659473,0.6212374930714787
0.044853512013644466,0.9450773037384981,0.9827740085635228,-0.46998444437901954,-0.09999181590682178,0.6190155377659473,0.6212374930714787
0.044853512013644466,0.9450773037384981,0.9827740085635228,-0.46998444437901954,-0.09999181590682178,0.6190155377659473,0.6212374930714787
0.044853512013644466,0.9450773037384981,0.9827740085635228,-0.46998444437901954,-0.09999181590682178,0.6190155377659473,0.6212374930714787
0.044853512013644466,0.9450773037384981,0.9827740085635228,-0.46998444437901954,-0.09999181590682178,0.6190155377659473,0.6212374930714787
0.044853512013644466,0.9450773037384981,0.9827740085635228,-0.46998444437901954,-0.09999181590682178,0.6190155377659473,0.6212374930714787
0.044853512013644466,0.9450773037384981,0.9827740085635228,-0.46998444437901954,-0.09999181590682178,0.6190155377659473,0.6212374930714787
0.044853512013644466,0.9450773037384981,0.9827740085635228,-0.46998444437901954,-0.09999181590682178,0.6190155377659473,0.6212374930714787
0.044853512013644466,0.9450773037384981,0.9827740085635228,-0.46998444437901954,-0.09999181590682178,0.6190155377659473,0.6212374930714787
0.044853512013644466,0.9450773037384981,0.9827740085635228,-0.46998444437901954,-0.09999181590682178,0.6190155377659473,0.6212374930714787
0.044853512013644466,0.9450773037384981,0.9827740085635228,-0.46998444437901954,-0.09999181590682178,0.6190155377659473,0.6212374930714787
0.044853512013644466,0.9450773037384981,0.9827740085635228,-0.46998444437901954,-0.09999181590682178,0.6190155377659473,0.6212374930714787
0.044853512013644466,0.9450773037384981,0.9827740085635228,-0.46998444437901954,-0.09999181590682178,0.6190155377659473,0.6212374930714787
0.044853512013644466,0.9450773037384981,0.9827740085635228,-0.46998444437901954,-0.09999181590682178,0.6190155377659473,0.6212374930714787
0.044853512013644466,0.9450773037384981,0.9827740085635228,-0.46998444437901954,-0.09999181590682178,0.6190155377659473,0.6212374930714787
0.044853512013644466,0.9450773037384981,0.9827740085635228,-0.46998444437901954,-0.09999181590682178,0.6190155377659473,0.6212374930714787
0.044853512013644466,0.9450773037384981,0.9827740085635228,-0.46998444437901954,-0.09999181590682178,0.6190155377659473,0.6212374930714787
0.044853512013644466,0.9450773037384981,0.9827740085635228,-0.46998444437901954,-0.09999181590682178,0.6190155377659473,0.6212374930714787
0.044853512013644466,0.9450773037384981,0.9827740085635228,-0.46998444437901954,-0.09999181590682178,0.6190155377659473,0.6212374930714787
0.044853512013644466,0.9450773037384981,0.9827740085635228,-0.46998444437901954,-0.09999181590682178,0.6190155377659473,0.6212374930714787
0.044853512013644466,0.9450773037384981,0.9827740085635228,-0.46998444437901954,-0.09999181590682178,0.6190155377659473,0.6212374930714787
0.044853512013644466,0.9450773037384981,0.9827740085635228,-0.46998444437901954,-0.09999181590682178,0.6190155377659473,0.6212374930714787
0.044853512013644466,0.9450773037384981,0.9827740085635228,-0.46998444437901954,-0.09999181590682178,0.6190155377659473,0.6212374930714787
0.044853512013644466,0.9450773037384981,0.9827740085635228,-0.46998444437901954,-0.09999181590682178,0.6190155377659473,0.6212374930714787
0.044853512013644466,0.9450773037384981,0.9827740085635228,-0.46998444437901954,-0.09999181590682178,0.6190155377659473,0.6212374930714787
0.044853512013644466,0.9450773037384981,0.9827740085635228,-0.46998444437901954,-0.09999181590682178,0.6190155377659473,0.6212374930714787
0.044853512013644466,0.9450773037384981,0.9827740085635228,-0.46998444437901954,-0.09999181590682178,0.6190155377659473,0.6212374930714787
0.044853512013644466,0.9450773037384981,0.9827740085635228,-0.46998444437901954,-0.09999181590682178,0.6190155377659473,0.6212374930714787
0.044853512013644466,0.9450773037384981,0.9827740085635228,-0.46998444437901954,-0.09999181590682178,0.6190155377659473,0.6212374930714787
0.044853512013644466,0.9450773037384981,0.9827740085635228,-0.46998444437901954,-0.09999181590682178,0.6190155377659473,0.6212374930714787
0.044853512013644466,0.9450773037384981,0.9827740085635228,-0.46998444437901954,-0.09999181590682178,0.6190155377659473,0.6212374930714787
0.044853512013644466,0.9450773037384981,0.9827740085635228,-0.46998444437901954,-0.09999181590682178,0.6190155377659473,0.6212374930714787
0.044853512013644466,0.9450773037384981,0.9827740085635228,-0.46998444437901954,-0.09999181590682178,0.6190155377659473,0.6212374930714787
0.044853512013644466,0.9450773037384981,0.9827740085635228,-0.46998444437901954,-0.09999181590682178,0.6190155377659473,0.6212374930714787
0.044853512013644466,0.9450773037384981,0.9827740085635228,-0.46998444437901954,-0.09999181590682178,0.6190155377659473,0.6212374930714787
0.044853512013644466,0.9450773037384981,0.9827740085635228,-0.46998444437901954,-0.09999181590682178,0.6190155377659473,0.6212374930714787
0.044853512013644466,0.9450773037384981,0.9827740085635228,-0.46998444437901954,-0.09999181590682178,0.6190155377659473,0.6212374930714787
0.044853512013644466,0.9450773037384981,0.9827740085635228,-0.46998444437901954,-0.09999181590682178,0.6190155377659473,0.6212374930714787
0.044853512013644466,0.9450773037384981,0.9827740085635228,-0.46998444437901954,-0.09999181590682178,0.6190155377659473,0.6212374930714787
0.044853512013644466,0.9450773037384981,0.9827740085635228,-0.46998444437901954,-0.09999181590682178,0.6190155377659473,0.6212374930714787
0.044853512013644466,0.9450773037384981,0.9827740085635228,-0.46998444437901954,-0.09999181590682178,0.6190155377659473,0.6212374930714787
0.044853512013644466,0.9450773037384981,0.9827740085635228,-0.46998444437901954,-0.09999181590682178,0.6190155377659473,0.6212374930714787
0.044853512013644466,0.9450773037384981,0.9827740085635228,-0.46998444437901954,-0.09999181590682178,0.6190155377659473,0.6212374930714787
0.044853512013644466,0.9450773037384981,0.9827740085635228,-0.46998444437901954,-0.09999181590682178,0.6190155377659473,0.6212374930714787
0.044853512013644466,0.9450773037384981,0.9827740085635228,-0.46998444437901954,-0.09999181590682178,0.6190155377659473,0.6212374930714787
