0.002033150203335443,-0.05810658595384255,-0.0006271478115585927,0.007499815932244548,-0.006555408721909038,0.01808698075728755,0.9997867975246306
0.002033150203335443,-0.05810658595384255,-0.0006271478115585927,0.007499815932244548,-0.006555408721909038,0.01808698075728755,0.9997867975246306
0.002056964871094913,-0.05809188607954785,-0.0006158354814761458,0.007450636533319169,-0.006382756731050139,0.01842586738709287,0.9997820941799237
0.0020968621274987664,-0.058086436411579845,-0.0005817893394884921,0.0073333920034943986,-0.006281056924667043,0.017412004712443988,0.999801776242434
0.0021411350485517344,-0.058146480086933794,-0.0006372185286003251,0.006794612761563029,-0.0070048123088284914,0.01827201263179089,0.9997854266773056
0.002062223346274261,-0.058108258962417114,-0.0006785691742418054,0.006955130505722285,-0.0063363535070880906,0.01812795395870661,0.9997914052786974
0.0020746872071406575,-0.05814192375444094,-0.0006351884205855196,0.00705754550112276,-0.006644782188696061,0.018425896944222177,0.9997832386287366
0.0019589084384413202,-0.058093156382530875,-0.0005226035116787653,0.007197134976613274,-0.00607335162999743,0.017491178817604973,0.9998026676858176
0.002212352558999431,-0.05811957720894778,-0.0006776226425256882,0.007162149636942368,-0.007741379575934829,0.019372949662068577,0.9997567021411911
0.002092940481867145,-0.058074095513845236,-0.0005972172766909312,0.007534749651010004,-0.006724492706761947,0.01842679578391565,0.999779206596472
0.0020730808430183822,-0.058108544765151926,-0.0004980565655772207,0.0070766833591388465,-0.007202854788558288,0.018740106765016407,0.9997733982428044
0.002058932517721046,-0.058045216471933614,-0.000552254810055719,0.007399918056808526,-0.006134218380596521,0.017457349747088582,0.9998014070391277
0.0020475934776391647,-0.05806946713304062,-0.0005314585185447473,0.007462702937229606,-0.006249452982089386,0.01732175449006138,0.9998025851255243
0.0019402767244554031,-0.058064933224238224,-0.0005091796177907337,0.007713576646097255,-0.0057290622096006945,0.01696951339391359,0.999809839017749
0.0020299963197028537,-0.05810948887470335,-0.000609209046614767,0.007284270473395476,-0.0061048940732399085,0.01748627884768952,0.9998019302462292
0.0020755175963141914,-0.05808606490898116,-0.0005799571295860284,0.007661545047320149,-0.005637206203695142,0.01680679548104648,0.9998135097403731
0.0020494031998297135,-0.05808780077176223,-0.0005825714435759854,0.007411880828109485,-0.006195282438560936,0.01836853687758931,0.9997846164805062
0.002030090223764325,-0.058089794030862674,-0.0005492329794979378,0.007139792412905578,-0.0062684248438776785,0.01847162781293158,0.9997842413142036
0.0022234968655789333,-0.05813569914169192,-0.000680314265785964,0.007156990966040527,-0.00801169326071028,0.01935434218126135,0.9997549698251762
0.0021634888925151086,-0.05813112204314841,-0.0005862325943206681,0.007025924337057181,-0.006869651954348685,0.01854901721011398,0.9997796648410964
0.002007511963022235,-0.05807802942898199,-0.0005315832307655199,0.007763252545882242,-0.005683285190753637,0.017222832225585426,0.9998053841770802
0.002115546708612137,-0.05810091839936282,-0.0005866973838344336,0.007501822682408043,-0.006887987121773103,0.018619707555747687,0.9997747670252487
0.0020500808209303334,-0.05810002710842799,-0.0005592576369986002,0.007463324388813347,-0.006389847521917851,0.017748982022241407,0.999794199960616
0.0021967131871757917,-0.058170996413397624,-0.0006453171407121427,0.006494667186666878,-0.007904503555515557,0.01942606678025419,0.9997589539739689
0.0020610068755599342,-0.05808194751447937,-0.0004957605867736969,0.007203880903368638,-0.00630867234028753,0.018263722163659346,0.9997873479925427
0.0020897536552320073,-0.05811402200239968,-0.0006237594745931441,0.007232042489463946,-0.006352779461027459,0.017802617451179586,0.9997951823080751
0.0021266562268274503,-0.05809850093307589,-0.0005949548888197764,0.007251363404069225,-0.007561434138138589,0.019027161957589835,0.9997640769453543
0.002140253577311624,-0.0581082493362326,-0.0005415516514346574,0.007059365398315059,-0.007490109380841933,0.01858817228430205,0.9997742462540057
0.0020515828496788235,-0.05809730241033084,-0.0006145444833535185,0.007648458131551091,-0.006487608597226207,0.017769903025278533,0.9997917996109847
0.0021723391614282272,-0.05815390859943359,-0.0006107133966506417,0.006841876554950294,-0.007855948166158035,0.01893341252718477,0.9997664720792016
0.0020453867527145952,-0.05810498411969278,-0.0006369487331204793,0.007173084564559262,-0.0054182131111169774,0.016706810200658347,0.9998200199623087
0.00220088168038185,-0.05811554947281494,-0.000574023321341266,0.00694954586710358,-0.007812292115255133,0.018855892992467437,0.9997675365821814
0.002300127849344691,-0.0576353078192795,0.0017656022505756486,0.011161962089474772,-0.011797605285483587,0.018372470795706555,0.9996992945024529
0.002398830022309062,-0.05765997957874225,0.001764811578184422,0.011048493097826797,-0.011940571577534864,0.01778775471693997,0.9997094324516494
0.0022989108238865574,-0.05791289949134293,-0.00042831361201967066,0.007490812769471844,-0.005732705336068235,0.016710893175435188,0.9998158679791304
0.002423912713209686,-0.05792899103189364,-0.00043426565352455704,0.007152565844655132,-0.00615958044909905,0.0175877035692571,0.9998007666798865
0.002180423783078589,-0.05792852725171782,-0.0002756706005746512,0.007607017004849589,-0.006790779801468405,0.017735546883665524,0.9997907125887463
0.0021115540853702264,-0.058133796253135195,-0.0003758273120205713,0.006946945923419908,-0.007582249087509816,0.019258303699021574,0.9997616551857489
0.0024781070678859263,-0.05858239531356135,-0.0019329037896224088,0.005957228550273251,-0.006349243291488802,0.018176785510162254,0.9997968808743818
0.0023905400475924266,-0.05836731958675245,-0.0018499791481735306,0.008029821790845786,-0.005970348157731392,0.017139240144876115,0.9998030422798978
0.002375219247167215,-0.05841124826116317,-0.0014733270338662674,0.008418751845984902,-0.0055562297179962625,0.017243045240011665,0.9998004452487144
0.0019863631455172004,-0.058094845148796814,-9.725582549491296e-05,0.00918667597634864,-0.005481411974649696,0.01796096432083483,0.9997814575535673
0.0020266237052889435,-0.05815136332756432,-2.2117520311226713e-05,0.00931312526830526,-0.005906026292470787,0.01856213174377428,0.9997668887377178
0.002301252730127823,-0.058042806910351796,-0.00042972944303976135,0.009125682560805436,-0.005675689665031997,0.017561600674388528,0.9997880268568828
0.00257474752489556,-0.05812718045088783,-0.0007596978045870673,0.007790930340743851,-0.006380209115648326,0.018208058683256582,0.9997835070329243
0.0027545000551115195,-0.05820090990172888,-0.0007604898356791123,0.0071444035948695596,-0.008663468741123677,0.020136474350238975,0.9997341767726996
0.0027096532697141185,-0.05816431871037353,-0.0008569082899519964,0.007270630480610734,-0.006659169904846778,0.018296593264224257,0.9997839907017497
0.002801167625512191,-0.05819777580118313,-0.0009333732328424826,0.007521766190819255,-0.007590454109099853,0.01896346745975659,0.9997630694027916
0.0025754542833983374,-0.05815807424843045,-0.0009455300635557995,0.00707647446212665,-0.007725086497112095,0.019485258645742368,0.9997552556717607
0.002550903532812676,-0.05810704356081908,-0.0008602627485611025,0.007542044345914999,-0.0071220877945355416,0.01881765664834273,0.9997691179621404
0.002521188368010685,-0.05811097249700725,-0.0008929043719534402,0.007289378979314619,-0.007103867556246095,0.019354575768988646,0.9997608716171291
0.002329276273447256,-0.05809782618446979,-0.0007753731889499349,0.007670605196741796,-0.0067512006849150975,0.019140834415657625,0.9997645780698075
0.0019178761488610752,-0.05821672760758645,-0.000581024739376601,0.005784664046091833,-0.007224971757436765,0.0203078910829167,0.9997509324850578
0.0018902541016661,-0.05816165113186589,-0.0005112630531662887,0.006504671098300822,-0.006479790930141307,0.020234999245725013,0.9997530927028584
0.0017290322710815653,-0.058105500076568894,-0.0005120804021797598,0.007191359543037749,-0.0052269777356719616,0.01907049154798339,0.9997786151962803
0.0018756015224144496,-0.05818947588953871,-0.0005551383472226501,0.006157279012538857,-0.007174232095233862,0.020611608976334298,0.9997428568809142
0.0018874270732348042,-0.05821373033162636,-0.0006087038567819114,0.006166466815293975,-0.00677321176466429,0.020743344741409174,0.9997428729120033
0.0017580326392346302,-0.05810412813652599,-0.0004490282130832357,0.006603888899551381,-0.005842234271902086,0.020380374254565223,0.9997534182463986
0.0018734257522700082,-0.058184890332610095,-0.0005265754994729921,0.006259405432735684,-0.006580150121835487,0.020204348914924765,0.9997546227714712
0.0018783754585040557,-0.05816274902998053,-0.0005013919584578863,0.006255137675491105,-0.00715791517907231,0.02057362054149031,0.9997431488341216
0.0018712133270535891,-0.058111989777358763,-0.0005736252918795426,0.0067405793333637455,-0.005540943586666212,0.01923084890442361,0.9997769936264963
0.00185977117944236,-0.05804203473693348,-0.00038073625764734054,0.007307417261438551,-0.005430775547205649,0.019022483950739723,0.9997776019866953
0.001793192039018232,-0.058121393359246376,-0.0004778802204847832,0.006630454300367811,-0.005180030225375183,0.019399185595401755,0.9997764129848583
0.0019287538246516855,-0.05816023468526721,-0.0005902296120592343,0.0062515820076839475,-0.0070541068183368714,0.020373823094175136,0.9997480005641042
0.0018353300067118772,-0.05814363574650394,-0.0005861606708373879,0.006831570183267005,-0.006152720350664863,0.019883380436721942,0.9997600336398361
0.001931765293087695,-0.058200775412526884,-0.0005534871315154843,0.006389078000565321,-0.006800162626340571,0.020102835633152436,0.9997543765695974
0.0018241400817459175,-0.05808675370542016,-0.0004671893889811596,0.007324548707104475,-0.006392114394967847,0.020161401196565107,0.9997494734990312
0.0018978061712473515,-0.05816785682501968,-0.0005654745991563459,0.007066825447110426,-0.006136385381084746,0.01931173372833433,0.9997697043284323
0.0019286849980261755,-0.05815305712286767,-0.00042732544308810017,0.006660147481188366,-0.007731891096764606,0.020934811295926836,0.9997287602002858
0.0020006231376727412,-0.05821558280227945,-0.0005375133465583826,0.006106661852452179,-0.007236994185660517,0.01934575337321164,0.9997680113019216
0.001434029384576263,-0.058829582491791044,-0.0007062520320747501,-4.107067765721227e-05,-0.0019558938313284885,0.018063929418391234,0.9998349199975402
0.0035528605721897866,-0.060572220743338345,-0.0012737345428456281,-0.017268272010727337,-0.021982179248817315,0.022623376129252266,0.9993531775252185
0.004381930749853602,-0.05921044034485279,-0.000913044701580934,-0.0035547133454405587,-0.031283572145523283,0.02743894155731483,0.9991275226982098
0.004395825081570992,-0.05901709288288659,-0.000862174162824747,-0.0015951683368233061,-0.03129749567097644,0.0287596605926346,0.9990949925434012
0.002432954967140577,-0.06033423258434967,-0.0010653445660803174,-0.014647239849217605,-0.008184351435458018,0.007202495665324283,0.9998332855094251
0.002246184651984895,-0.061263926089378806,-0.0011462030927085198,-0.02615156979953843,0.00018917759150083308,0.002201669710261811,0.9996555468056714
0.002130766552164709,-0.06069678420080726,-0.0010773408361092196,-0.019651698259806026,0.00033844774510052855,0.0038680651358882377,0.9997993470095557
0.0022902121558510125,-0.060574860302812894,-0.001058489775491167,-0.018569472714597083,-0.0012777886471293486,0.003520865363483548,0.9998205566232209
0.0025055269145513037,-0.06069289642880604,-0.0008369034205024661,-0.02290406056619024,-0.00025127199737690406,0.007477798162266359,0.9997096695574211
0.0028109401952575164,-0.059740609334775874,-0.0007487435433910505,-0.017243487736870917,0.005356518255026949,-0.004235674074932889,0.9998279996619333
0.0029163801288752955,-0.05906450715398237,-0.0005940444430947434,-0.013844574326649097,0.010355969144230988,-0.015585872374276707,0.9997290444151007
0.002810244050758637,-0.05759344715195813,-0.0006804041959842522,-0.010500545368749488,0.014457963843752501,-0.001671608937221654,0.9998389428062965
0.0014974498669614311,-0.05331527814488313,0.0007954050131875334,-0.012684249543506098,0.04685284178957326,-0.014305607050127022,0.9987188146003291
0.0005899468142875897,-0.050671364930482854,0.0005162306038358766,-0.017822948660158114,0.0582834901667233,-0.016847627551489202,0.9979987648894808
0.0018459985148652214,-0.04491716454992334,0.00041067623057056135,-0.0030894768464182873,0.04909061136561887,-0.025856389200117923,0.9984548132720364
0.002096805612752106,-0.041728383020908755,0.00023047700278644445,-0.0051909830923676575,0.050526662562628596,-0.03729992748934961,0.9980124375347765
0.0010765169071564884,-0.03628315185921949,0.00038410623688933665,-0.010863596531211866,0.0570340269002676,-0.03219589250321706,0.9977938296821984
0.0009049194999103394,-0.03176459555550992,0.0010943829613322409,-0.009065883756176462,0.05588006395389674,-0.030014418898868807,0.9979450700626719
0.0015749216737939165,-0.023983239061809325,0.0011630169439893479,-0.0033626256851723322,0.05191905710940575,-0.04149905481716893,0.9977830088283992
0.0013923477649539495,-0.018310293053690696,0.0009724063334556332,0.0024587405645628904,0.0516681704584077,-0.0359584351463931,0.9980137001555338
0.00040807342622162235,-0.010235025591356806,0.002165412166193148,-0.004410576379045342,0.05292790908285255,-0.03409438995797342,0.9980063906756887
0.00019665201803542587,-0.00435100212211581,0.002941043120490927,-0.0061029924957988115,0.05914120145179938,-0.0394650726788338,0.9974505400328821
-0.0024398567448277175,0.003180340599744813,0.0034806582068008796,-0.02361691691411427,0.0735102507083072,-0.020641612399215623,0.9968010875364424
-0.001963472313627812,0.007194689099197182,0.003047284480094614,-0.04985050899311187,0.07267750372116304,-0.02046303113834732,0.9958986753493645
-0.002678231446902213,0.01650404788773807,0.001411329579302345,-0.030491124665597516,0.06831478991359084,-0.025849879907655367,0.9968626608036077
-0.0026451863982749346,0.02359713304847122,0.002654853991253203,-0.01212698258580357,0.05857586746958617,-0.043479149278102786,0.9972619353116821
-0.002515377015350928,0.03366456407127805,0.001433956834499206,-0.0116610557459354,0.05150598344528962,-0.030245368675127615,0.9981464677701011
-0.00294646492219397,0.04057350845000318,0.0016101383210544995,-0.012438658398189709,0.05762160281373582,-0.04056645843454323,0.9974364105628527
-0.004624036507354656,0.05264518998713941,0.0024837924504645947,-0.01835136449179377,0.07229950849213325,-0.018498469451195324,0.9970425342587188
-0.0028802394888641225,0.06318179180390149,0.005227003292094912,-0.023271880384698213,0.06971296044787728,-0.024786723603709173,0.996987533052418
-0.0029414450563681194,0.08152121314733307,0.013645293307757322,-0.01690820417251207,0.06326241867217877,0.0006899124100010504,0.9978534476746939
-0.0043950704756163805,0.09512628940098367,0.02101224673488633,-0.02156661297378679,0.07258129167497163,0.007443310088896208,0.9971015166163133
-0.005163612800422379,0.11964202104761124,0.03373014641074723,-0.018129896581177956,0.07197432940290371,0.008308140523853468,0.9972070886019584
-0.005806537574993997,0.1371338660584851,0.04226024094824676,-0.013364687666516363,0.06975028573103116,0.02386844522687687,0.9971893401388061
-0.008386128101317059,0.16402280446083828,0.05523340300193336,-0.011422697711840974,0.06405839492285456,0.019092917697210648,0.9976981028901974
-0.012794837932094794,0.180907487892479,0.06391653457824564,-0.009447429534881775,0.06293049937514907,0.01345869399833527,0.9978824389072277
-0.022933125061670057,0.20225985887128317,0.07627907985303983,-0.012656792640899984,0.0695328273522458,-0.0006568399445600182,0.9974991529228159
-0.030680575478384264,0.2127344386362231,0.08431515912122656,-0.013382714200641917,0.07723401624164909,-0.005649834003940783,0.9969071617114287
-0.039103545900838144,0.22465876076572067,0.09790022161244027,-0.01847761659023859,0.08526593493975407,-0.009637948151416022,0.9961402551746538
-0.04229087556627692,0.23125576645117274,0.10658217128965242,-0.01681548591789229,0.08745976530882114,-0.010790357916939152,0.9959676686828219
-0.04331873746194076,0.24102844602495188,0.11618285743012202,-0.020997929352214166,0.08263265799456027,-0.009275371593728193,0.9963156619653591
-0.04486890148257572,0.2488283479288469,0.12162266802805366,-0.021668519170382906,0.08979377955349654,-0.016771113799725814,0.9955833878547681
-0.04692163622692791,0.26075068498771214,0.12668191678723195,-0.01897263400232717,0.08917444744427314,-0.024011989612779585,0.9955457706388281
-0.04889648761470994,0.26726877053119247,0.1285875128911944,-0.017645713648801086,0.07708087089833499,-0.022247872721738757,0.9966203892609944
-0.05576971644119405,0.27168638652645116,0.13162424735263545,-0.027670412344928823,0.09056127991111779,-0.04347801031322998,0.9945565169867042
-0.05966506968895491,0.27226977142687825,0.13303578477014033,-0.024103688189205604,0.10000905763852062,-0.052887423699990894,0.9932875318961324
-0.06096186465752901,0.2709787022259944,0.13462981083771763,-0.02344577862869283,0.10461660503976891,-0.051550375246293405,0.9928988972833104
-0.06021710122541063,0.2692294357937459,0.1343906049302681,-0.0380956392853889,0.1018074716361257,-0.057457473050957636,0.9924125149236559
-0.059817385968857884,0.26862306506840383,0.13295948271147884,-0.031043083419761024,0.09681176601004784,-0.05516633608889684,0.9932877147616075
-0.059712824485186555,0.2676053551089479,0.131854750525487,-0.045250550994438636,0.11080521643005863,-0.07567743107989476,0.98992298592958
-0.0559834144506034,0.26602697595514235,0.1304142852028558,-0.02873201256991769,0.0993080578239197,-0.052375021505673136,0.9932619182407042
-0.05318684402284346,0.26320046674962794,0.13000400013027735,-0.029157129645134974,0.09800486975545819,-0.047482038708632074,0.9936248604454019
-0.049722509431861184,0.2576741499423254,0.12855715411587054,-0.03222115945743516,0.09229727579335034,-0.03815993109852673,0.9944781694048898
-0.04703855291908787,0.25265856025190536,0.12558198224780281,-0.02534217849589593,0.0923928574639041,-0.034295164749903434,0.9948091151339105
-0.04173256219584015,0.2397503897047515,0.12020457649316163,-0.03177736123109076,0.10402853602414851,-0.025820793319567544,0.9937311254248854
-0.03584052190965231,0.22920040122001994,0.11398420401620146,-0.025422040753558937,0.08757440144676575,-0.010845473844033357,0.9957744823765386
-0.030594908245103414,0.21080654174737523,0.103031692231211,-0.027667800933816464,0.08937601917753252,-0.00593142463316974,0.995595921139337
-0.026140713274291127,0.19899286919235015,0.09549242473135855,-0.02133943986715424,0.07481919469165291,-0.0044049476468930706,0.9969590326829266
-0.022461648008408774,0.18295206369244155,0.08499819428102795,-0.019668091167094597,0.06733664535857,-0.00028043573504316375,0.9975363971993682
-0.02230157321864007,0.1730573987862245,0.07915453662510497,-0.016311329382783527,0.07221041520764597,0.010653750787596335,0.997199124580172
-0.019486775359559116,0.1574699596325455,0.0705882954843986,-0.012422550795348099,0.06834993069776259,0.007225048838433289,0.9975579010135854
-0.01659241057969707,0.14757616714558885,0.06607481530838344,-0.010330739280145518,0.06952458075519546,0.01505694833001438,0.9974131023822211
-0.01136722028224979,0.13620199589616067,0.059699083868740566,-0.0032465281193922954,0.06362365043303982,0.013925986652557724,0.9978715138015
-0.00903029000247313,0.1307201812501002,0.0554914162756075,-0.002223817101083701,0.06395395787632953,0.02130353201491223,0.9977229602615865
-0.006211573398920145,0.12424636232544484,0.05009062987361379,0.001844880136079442,0.06817959218172419,0.020659226048242114,0.9974574356865084
-0.003940489304533001,0.12010335120428572,0.04733462320086035,0.0026989173160565133,0.060531905984955954,0.033409299209670146,0.9976033394738955
0.009574910137954806,0.08534338557674181,0.04030936644420868,0.02157877037612976,-0.12359760417951876,0.9917897103424393,-0.024721637668197852
0.011449565134244721,0.08135225270535895,0.03965722688479001,0.011940485461574949,-0.12384015249138214,0.9920032698827163,-0.021226256849762266
3.684478274540437e-05,0.1040502960662717,0.0431320149199782,0.0006074889473201312,0.06795319421875462,0.03944703298876006,0.9969081833052784
0.0008296222441573353,0.10106429685368856,0.041050464994254576,-0.00023600313264983446,0.06674448862123508,0.04280498310459561,0.9968514688571345
0.0016649962372883298,0.09812537386458287,0.03674594213235238,0.00213598413926416,0.0645373389225402,0.040100921083074004,0.9971069579462591
0.0019447849622827307,0.09655867060641121,0.032094531527189885,0.002578072395148272,0.06879577459185265,0.03639669253951909,0.9969632770133593
0.014864102869056206,0.0633743746374178,0.02000571629127701,0.021593227334531277,-0.12232898456697246,0.9919901157183737,-0.022912057636543855
0.0035539226319858397,0.08851899427579335,0.020921781448696275,0.004133589080064287,0.07256797194379672,0.030125673602292544,0.9968998177747299
0.003447249217766901,0.08019890837008514,0.014613996949247032,0.0034935087734712105,0.06887387671810266,0.024294173212278686,0.9973234067493859
0.0021955594335343886,0.07454117390302839,0.011416775074507668,0.006377049794184993,0.06627130652280606,0.024216941211192212,0.9974873367246606
0.0026096741412298674,0.06660598866788714,0.0077710556641953366,-0.001561736131400259,0.06309479481495057,0.009625453964031444,0.9979598982341432
0.002736735010626712,0.06186884293886985,0.0077107455133921254,0.00023907756803744643,0.0663481122865629,0.013526247039669799,0.9977048218180304
0.004160563576758591,0.05572391028083734,0.00662159918298999,-0.0003924809279209551,0.056571341772981745,0.016950609786468618,0.9982545797924458
0.0024251502727496987,0.05285720367524016,0.005888911897909299,0.0006561247970143333,0.06785129311626209,0.02464625038419083,0.9973907628731588
0.0033706424662985346,0.049555387488435354,0.0030095733309074557,0.005356997303337102,0.06408710586394051,0.019182964801196137,0.9977455383529972
0.003323481056639377,0.047139691872073675,0.0022577393884957164,-0.0064439397120809126,0.05516337497277047,0.009240994996365302,0.9984137828145592
0.0004238889558625947,0.045018727596656705,0.0025745952074589518,-0.009744224972882359,0.0662513844296283,0.004968075160172258,0.9977430141925516
-0.0007861755284928607,0.043558405651878296,0.003640204249632406,-0.0058772801777644355,0.06472020630348002,0.012186125398524254,0.9978117311504804
-0.0020761857437339715,0.041824331210776666,0.003817425824575227,-0.006319486720177622,0.07003646689269455,0.007352718561777044,0.9974973157470316
-0.0020947538142238598,0.040206286308076544,0.003713955068864405,-0.004875613156146413,0.06308934778445041,0.011314512991063145,0.9979318335378721
-0.003522722783199539,0.03743005552629608,0.0030140955862891783,-0.012747003242581838,0.07497935948718037,-0.0032204631848737533,0.9970984094742608
-0.00345022414680235,0.03521347559513566,0.0026328344445989416,-0.008234646937013911,0.06647446353277003,0.011760554165028123,0.9976848328272735
-0.004115548267139668,0.031171294202817057,0.002162931714182137,-0.010801377979949775,0.0584837025147419,0.010277269255863562,0.9981770206283773
-0.0038562338673273078,0.027594629259502845,0.0020588013655636894,-0.016322762976783405,0.06775582781536774,-0.006102778456310953,0.9975497337481332
-0.0026579835660659468,0.021170954626877236,0.0017519075626727387,-0.017514272898308755,0.06811139793098255,-0.008503791485417614,0.9974877308754747
-0.0024995813731263916,0.016133150499252125,0.002136963551896298,-0.02246371760928929,0.07206153809336227,-0.013559759865447819,0.9970549879676549
-0.0015681451361445053,0.009146926079513618,0.0022702514035530807,-0.02563142923500228,0.06831121225814034,-0.019279433546332818,0.9971483899386926
-0.0018713888154418545,0.004280547952432601,0.00260348529362342,-0.024637856750459795,0.07055408321961097,-0.017033597501569974,0.9970581497144179
0.00029399917533329267,-0.0021393404490155365,0.002912751086672327,-0.01532438651283008,0.06519920534923608,-0.031370524368756474,0.9972613082841743
-8.043443928346106e-05,-0.0068375766669546145,0.0029431744341272825,-0.008960373276592545,0.06561676846232183,-0.0315853207246288,0.9973046269430562
0.0007418037764259089,-0.01412300345511408,0.0027629466751433185,-0.014698754160063113,0.05973893323600339,-0.034585695834174784,0.9975064090649405
-0.0008469973592140634,-0.020204538239677827,0.002651499452886119,-0.029129838456130597,0.07048070094890681,-0.02352965213858594,0.9968100515020439
-0.0014724685093085998,-0.02719879921108248,0.0022800371105219375,-0.03057958835697279,0.07090191270719712,-0.016250136575536367,0.9968820093730528
-0.0011537972306682187,-0.03159451230597332,0.0021964622789162336,-0.033206802884445975,0.07004182226370943,-0.019151703330149625,0.9968072349435102
0.0016968333538721625,-0.03466883904981111,0.0014207175953945272,-0.014256573376436602,0.059567089714089756,-0.039464694798727024,0.9973419923992969
0.0014829125703323953,-0.03781143367594941,0.00019048431457735493,-0.021343953540869175,0.0594593112524765,-0.02688112246056896,0.997640431822952
0.0016399284157477267,-0.04094959273715859,-0.00041826450919413283,-0.01844246756254707,0.05853612403522923,-0.03043679645898158,0.9976507399859187
0.0016764108309635928,-0.04370410359233334,-0.00038320770291622175,-0.020066505238724424,0.05939209303919916,-0.038973736954583636,0.9972717595919992
0.001322403824711882,-0.048239464979524804,-0.00016481225041575787,-0.02498504016092753,0.065786494239731,-0.033611589773750165,0.9969544352560371
0.0006103994593702478,-0.05196450750312542,0.0003649655388437978,-0.03364368684823381,0.06866059319334164,-0.020196563108541878,0.9968680575262702
0.0009582262092845406,-0.056186409412890104,0.00040322974339745965,-0.04044665580144096,0.06724290969746193,-0.016321248542466364,0.9967828630027273
0.00044872158620451463,-0.05924899608191403,2.4994733362815325e-05,-0.04824384774126622,0.06689354017545852,-0.004131561787898303,0.9965845250830984
0.000540273664494606,-0.06162633533524864,-0.0002873777325997917,-0.037424626217315446,0.06402898207841819,0.004947860454179698,0.9972337767461659
0.0006128016373614376,-0.06597895585209135,-0.0015198696978092618,-0.07550299028629952,0.06039629420881697,0.015911729407361224,0.9951876219944337
0.00016461201585754592,-0.06616155243348998,-0.0015166716704217986,-0.07449408213813428,0.06124827160647153,0.021659884845219756,0.9951030752339722
0.0002545404833820819,-0.06620720005714742,-0.001612422888298215,-0.07519206525401383,0.06133432977183817,0.021496267293543207,0.9950488248356057
0.00023680651144325493,-0.06586366302703794,-0.0015908840810736624,-0.07092650757384278,0.06146698556119046,0.022868225081750498,0.9953232060446539
0.00042754358970148454,-0.06600075480959933,-0.0016490272874938317,-0.07221116474273552,0.059661988001249645,0.022327782069493037,0.9953529349040436
0.01858383878016756,-0.040778565850628334,0.08814732050735452,0.03596842303457093,0.9780683594639452,-0.199849175771363,-0.046355837856948905
0.020432162071640503,-0.043599756003817935,0.08972083960484589,0.042115604464269145,0.9825603638842576,-0.17043882749299175,-0.0612536796205631
-0.003353490832181283,-0.060269625175462194,0.00014308714242772247,-0.01890874810400256,0.10824967652796659,0.0012738562726327728,0.9939430788867775
-0.003908783340803967,-0.05830744383627451,0.0006290580033013748,0.0003347758714619363,0.11477242475362699,-0.00411435698410559,0.9933832344608481
-0.0036615395330902856,-0.058330415281707904,0.0005158830569704786,-5.051358457311066e-05,0.11312717668852566,-0.005078005820390593,0.9935675383182307
-0.004221985858733901,-0.05806196719847123,0.000735715450682517,0.0025753901169917113,0.11909994534777125,-0.008780628488600197,0.9928401034140636
-0.004218761745606259,-0.058050454730455,0.0006712264891631792,0.002427165749597681,0.11843652044028004,-0.009044150188647746,0.9929174703064643
-0.004006676480081517,-0.05813567774592765,0.0006638745340336039,0.0016481897025700486,0.1154202364384625,-0.00520577595035693,0.9933017428696823
-0.004259700258720689,-0.05803590938502201,0.0008068147367621403,0.002431695686755598,0.11837467667146657,-0.009774228201822388,0.9929179156617487
-0.003822611468160486,-0.05819516124136537,0.0007211745149136028,0.0015063513139581888,0.11358369982173538,-0.003206303108500049,0.9935221153355879
-0.004195579849101294,-0.05804225767008231,0.0007740812480272474,0.0020376387478205737,0.11866742125134747,-0.009935631659904264,0.992882256053258
-0.004015608367089307,-0.05816382766180683,0.0006733723611330733,0.0015735796653409402,0.1154736078852228,-0.005172174750190172,0.9932958362629737
-0.003861676927752189,-0.05818580807956053,0.0006794053293386337,0.0004774498636777763,0.11517659748611662,-0.007832913258027,0.9933140333766765
-0.003925689587451209,-0.058091153301524034,0.0007321307935868049,0.0016189255245613568,0.11602911844774691,-0.007930790775320551,0.9932128298154744
-0.0037302365636309176,-0.05812973314545111,0.0006422824381602243,0.0022168733999703497,0.1151426186831248,-0.006743874593417388,0.9933236043659636
-0.0036345874534451372,-0.058194830404237674,0.0005670978533836024,0.0016271264977968387,0.11387064918537546,-0.005741819584779705,0.9934776591455478
-0.0036227757131465643,-0.05805206351391323,0.0007611775686822142,0.0034771491156188887,0.11386683284155348,-0.005564864933228479,0.9934743509980196
-0.0036633029388085103,-0.058088088280557226,0.0003898180798945772,0.0044896495597491195,0.11541018405543657,-0.0034386335705412986,0.9933018213324127
-0.0036605015900671445,-0.05808637598319,0.00044575957086900875,0.00408308882523743,0.11665859857029447,-0.0057833169236295385,0.9931468436291891
-0.0033697835748313643,-0.058095591490658016,0.00023043773869280137,0.0036958100340457396,0.11627563610158428,-0.006016808319083178,0.9931918824955305
-0.0030647862273130433,-0.058194988890048815,0.00024980985727829363,0.0035064032746527853,0.11153055115743143,-0.0006001621714082012,0.9937546382784651
-0.0030057227233169503,-0.05827508769516898,0.00022983131927079015,0.002288384596705367,0.11093829636323232,-0.0021863513933465233,0.9938222565245488
-0.0035491746573589333,-0.058270571059777954,0.0010084710993250035,0.0021530383275089916,0.11546014821235812,-0.008048053970984372,0.9932771755295803
-0.003689018163302804,-0.058109010910605496,0.0013505456090933121,0.004596305365963986,0.11499404837671494,-0.006086434741788577,0.9933369006168302
-0.003082845276200563,-0.05855115554096346,-8.935893432393538e-05,0.0023272197352625164,0.11150450901433906,-0.005707879610399957,0.9937448106169552
-0.0033630911889137582,-0.05865585796361161,-0.00015888227421090306,0.002889171982689235,0.11494692580900619,-0.008059718182194326,0.9933347360659129
-0.003303278956599931,-0.05876396424618191,-0.00021388840048963687,0.000765193874384562,0.11436249672639162,-0.007722033530520728,0.9934087799184151
-0.0029229891451036383,-0.0586281277995786,-0.0008206814263871376,0.00015485974754061305,0.1107212083511636,-0.004822926277978062,0.9938397906211212
-0.002640143266594952,-0.05866136526223942,-0.0009970888090656826,-3.33910952598708e-06,0.11433211343836742,-0.008722692173712073,0.9934042895351365
-0.003660030047250018,-0.057649081167941096,0.0029997485315249595,0.006516615698038997,0.110168083252991,-0.007905860003216194,0.9938601634685916
-0.003558906979855614,-0.05764047260423677,0.0029856676003769955,0.006258079668082412,0.10894248575700201,-0.0053813106750251125,0.9940137890046457
-0.0032144128490016466,-0.05815418873329903,0.0005375862296121969,0.0015054911984918905,0.11480923044734083,-0.009118907655938606,0.9933445623868402
-0.0037672158800610145,-0.058109673042263665,0.0006270444631264471,0.0022808606279525294,0.11569525543400573,-0.009020932502912214,0.9932411732915797
-0.003480398403745588,-0.058207858522098865,0.0006333549584820464,0.0014936358364322846,0.11225016804755938,-0.005719112541721871,0.99366239768697
-0.003757776083971154,-0.05810549563348544,0.0005606259118494661,0.0026867163045008087,0.11552128016604724,-0.008264859010462684,0.9932669870129752
-0.0037681496765503697,-0.058088695979638505,0.0007248379200727184,0.002559693712150129,0.11611232138965541,-0.00985769235383293,0.993183871541953
-0.0035579385531424035,-0.05820091113662795,0.0005683274121284221,0.0013363707830567687,0.11384704304843275,-0.007364326775037211,0.9934700959734063
-0.0037636225652813438,-0.058123763463608924,0.0006310339055184411,0.0023038907584077666,0.11489963682308225,-0.008074430913387927,0.9933416175267812
-0.003558758408862994,-0.05816074709935748,0.0006047797371789843,0.0019782603596701608,0.11352219473786979,-0.0056202932986118385,0.9935175942534104
-0.003788118589798717,-0.05811434509738178,0.0005770684228911804,0.0022274734990644883,0.11565899731172134,-0.009085672199936301,0.9932449271269064
-0.0035503970794419915,-0.058238911156530015,0.0006102195393840049,0.0010592661842252701,0.11226527242595734,-0.0052655091534873685,0.9936637564969505
-0.003646131256293539,-0.05812307380137627,0.0006145016873482234,0.0018482872860106534,0.11565109766419403,-0.010807109864794705,0.9932293863048685
-0.0037420002263053864,-0.058074407263987826,0.0006269251826432898,0.0025131361240154845,0.11518708796669241,-0.00787693440008549,0.9933094043735982
-0.003602333851963513,-0.05821488499882732,0.0005872880209785158,0.0014973376917425782,0.11272709191404079,-0.005669713024047237,0.9936086830753167
-0.0036782164815736818,-0.0581900196125964,0.0006450083142027774,0.0019228595708352461,0.11328418300052812,-0.004912475087533482,0.9935486219010562
-0.003602247621633803,-0.05816070765025794,0.0006425742359866815,0.001570646109696372,0.11421116490430122,-0.008188528788841977,0.9934215071550822
-0.0037341309825533187,-0.058080332417877134,0.000653451652385284,0.002487479138986858,0.11570576935394086,-0.009760845214352248,0.9932324568228966
-0.0034766763259195255,-0.058155738198278684,0.0006241272049773983,0.0017280828342032372,0.11194821916161843,-0.005216762061733583,0.9936988454002811
-0.0036514911588864107,-0.058170971024353646,0.0005894969344281131,0.0013617914821074935,0.11382640899002851,-0.006917910632538121,0.9934756346548588
-0.0034980877581346492,-0.05816412574267371,0.0006684442697046933,0.0013121221925445176,0.11311925482659174,-0.007917546314481267,0.9935490048222013
-0.003619834021616364,-0.05815321609153079,0.0006387385278634472,0.0014010435540054576,0.1137321477190094,-0.008116572922312562,0.9934773056774764
-0.00356839431645789,-0.05815143298423853,0.0006855270566932248,0.001821222250520369,0.11310322378161698,-0.006161420229085009,0.9935624695108407
-0.003797917359480485,-0.05809528982397527,0.0005653039408916039,0.002351603569690521,0.11599968710815674,-0.009121368547279938,0.9932045827458135
-0.0035226769503016175,-0.05819682137680959,0.0006041507614044095,0.0014065539513846773,0.11297304082232341,-0.006554322082289842,0.9935754397706201
-0.0037555482208365687,-0.05813462422735016,0.0006114707457162138,0.0025081284998183517,0.1151221707418122,-0.007318187123673166,0.9933212165419323
-0.00380328972531474,-0.058065667381277164,0.0006561397160728122,0.0028251802448535125,0.11597883864869496,-0.00923330704182792,0.9932047489734206
-0.003661455315489004,-0.058114054439334595,0.0005999734192255746,0.0025955398977735916,0.11389671476093237,-0.006238889631625035,0.9934696159397479
-0.003739136678543975,-0.05811672174092042,0.0006457542879345635,0.0018216075092478195,0.11519973799761937,-0.008463702162805627,0.9933046198709948
-0.0035006018113078463,-0.05823356878157071,0.0005652191038878485,0.0012525830954833279,0.11232507421418338,-0.005157324528545511,0.9936573407075874
-0.0035477073132028636,-0.058131058150631354,0.0005666723665895823,0.0019379658170161213,0.11347591559604872,-0.007135993679186956,0.9935132301395594
-0.00366269077435577,-0.05814493017318956,0.0005644274719416309,0.0016483247989829766,0.11526529567297353,-0.009766428551674167,0.993285362578209
-0.0038145624903113684,-0.05806293401428331,0.0006573526893790538,0.0025855524510840465,0.11577119845500138,-0.008932867917920383,0.9932323738167098
-0.0034511451591621167,-0.05818829772645051,0.000492175251895488,0.0013505040123082232,0.11278396135596899,-0.006001051028699639,0.9936004939543452
-0.0036319304404263675,-0.05809461038999664,0.0005924746692974603,0.002150413920454206,0.11468626714625092,-0.00836269376828457,0.9933642339046476
-0.003754279643549241,-0.058137076753626005,0.0005421016417147539,0.0019268041478201219,0.11548448584747009,-0.009186787842038587,0.9932649313669877
-0.0034568167879799327,-0.05820288032958798,0.0005917066383805958,0.001292276517264733,0.11234052400064051,-0.0052596223001962214,0.9936550070632784
-0.003547379044727572,-0.05818602971577791,0.0006029377791901824,0.0013806336117262248,0.11355884634991824,-0.00663609821452342,0.9935081501764306
-0.0035288246482883534,-0.058185950338355275,0.0005866873642212944,0.0012870319492696504,0.11340287312577606,-0.00776948072104756,0.9935178745673909
